country,state,city,station,last_update,latitude,longitude,pollutant_id,pollutant_min,pollutant_max,pollutant_avg
India,"Andhra Pradesh",Anantapur,"Gulzarpet, Anantapur - APPCB","16-09-2026 12:00:00",14.675886,77.593027,NH3,4,7,4
India,"Andhra Pradesh",Chittoor,"Gangineni Cheruvu, Chittoor - APPCB","16-09-2026 12:00:00",13.20488,79.097889,PM10,NA,NA,NA
India,"Andhra Pradesh",Eluru,"District Court, Eluru - APPCB","16-09-2026 12:00:00",16.711754,81.092095,CO,3,28,12
India,"Andhra Pradesh",Guntur,"Rajendra Nagar North, Guntur - APPCB","16-09-2026 12:00:00",16.316553,80.413302,NO2,21,48,31
India,"Andhra Pradesh",Guntur,"Rajendra Nagar North, Guntur - APPCB","16-09-2026 12:00:00",16.316553,80.413302,NH3,4,10,6
India,"Andhra Pradesh",Guntur,"Rajendra Nagar North, Guntur - APPCB","16-09-2026 12:00:00",16.316553,80.413302,SO2,7,24,12
India,"Andhra Pradesh",Kadapa,"Yerramukkapalli, Kadapa - APPCB","16-09-2026 12:00:00",14.465052,78.824187,NH3,2,5,3
India,"Andhra Pradesh",Kakinada,"Rama Rao Peta, Kakinada - APPCB","16-09-2026 12:00:00",16.962488,82.229513,NO2,15,49,27
India,"Andhra Pradesh",Kakinada,"Rama Rao Peta, Kakinada - APPCB","16-09-2026 12:00:00",16.962488,82.229513,CO,24,36,31
India,"Andhra Pradesh",Kakinada,"Rama Rao Peta, Kakinada - APPCB","16-09-2026 12:00:00",16.962488,82.229513,OZONE,1,42,15
India,"Andhra Pradesh",Kurnool,"Sita Rama Nagar, Kurnool - APPCB","16-09-2026 12:00:00",15.83411,78.028546,SO2,10,13,11
India,"Andhra Pradesh",Nellore,"Ambedkar Nagar, Nellore - APPCB ","16-09-2026 12:00:00",14.438164,79.966814,PM10,59,75,66
India,"Andhra Pradesh",Nellore,"Ambedkar Nagar, Nellore - APPCB ","16-09-2026 12:00:00",14.438164,79.966814,SO2,11,18,12
India,"Andhra Pradesh",Rajamahendravaram,"Anand Kala Kshetram, Rajamahendravaram - APPCB","16-09-2026 12:00:00",16.9872867,81.7363176,NH3,2,3,2
India,Assam,Byrnihat,"Central Academy for SFS, Byrnihat - PCBA","16-09-2026 12:00:00",26.071318,91.87488,NH3,4,4,4
India,Assam,Guwahati,"LGBI Airport, Guwahati - PCBA","16-09-2026 12:00:00",26.10887,91.589544,NH3,3,40,5
India,Assam,Guwahati,"Pan Bazaar, Guwahati - PCBA","16-09-2026 12:00:00",26.1875,91.744194,PM2.5,0,3,1
India,Assam,Guwahati,"Pan Bazaar, Guwahati - PCBA","16-09-2026 12:00:00",26.1875,91.744194,NH3,1,1,1
India,Assam,Guwahati,"Railway Colony, Guwahati - PCBA","16-09-2026 12:00:00",26.181742,91.78063,NH3,0,1,1
India,Assam,Guwahati,"Railway Colony, Guwahati - PCBA","16-09-2026 12:00:00",26.181742,91.78063,OZONE,9,19,12
India,Assam,Guwahati,"IITG, Guwahati - PCBA","16-09-2026 12:00:00",26.2028636,91.70046436,OZONE,1,31,12
India,Assam,Nagaon,"Christianpatty, Nagaon - PCBA","16-09-2026 12:00:00",26.349082,92.68449,PM2.5,43,73,63
India,Assam,Nagaon,"Christianpatty, Nagaon - PCBA","16-09-2026 12:00:00",26.349082,92.68449,SO2,7,13,10
India,"Andhra Pradesh",Tirumala,"Toll Gate, Tirumala - APPCB","16-09-2026 12:00:00",13.67,79.35,NH3,3,5,4
India,"Andhra Pradesh",Tirumala,"Toll Gate, Tirumala - APPCB","16-09-2026 12:00:00",13.67,79.35,CO,16,26,20
India,"Andhra Pradesh",Vijayawada,"HB Colony, Vijayawada - APPCB","16-09-2026 12:00:00",16.536107,80.594233,OZONE,14,19,17
India,"Andhra Pradesh",Visakhapatnam,"GVM Corporation, Visakhapatnam - APPCB","16-09-2026 12:00:00",17.72,83.3,NO2,14,88,58
India,"Andhra Pradesh",Visakhapatnam,"GVM Corporation, Visakhapatnam - APPCB","16-09-2026 12:00:00",17.72,83.3,OZONE,7,18,13
India,"Arunachal Pradesh",Naharlagun,"Naharlagun, Naharlagun - APSPCB","16-09-2026 12:00:00",27.103358,93.679645,PM2.5,8,45,24
India,Assam,Nalbari,"Bata Chowk, Nalbari - PCBA","16-09-2026 12:00:00",26.446912,91.439057,CO,21,22,22
India,Assam,Nalbari,"Bata Chowk, Nalbari - PCBA","16-09-2026 12:00:00",26.446912,91.439057,OZONE,19,19,19
India,Assam,Sivasagar,"Girls College, Sivasagar - PCBA","16-09-2026 12:00:00",26.987634,94.636574,PM2.5,12,61,29
India,Assam,Sivasagar,"Girls College, Sivasagar - PCBA","16-09-2026 12:00:00",26.987634,94.636574,PM10,31,52,37
India,Assam,Sivasagar,"Girls College, Sivasagar - PCBA","16-09-2026 12:00:00",26.987634,94.636574,OZONE,6,58,31
India,Bihar,Araria,"Kharahiya Basti, Araria - BSPCB","16-09-2026 12:00:00",26.146529,87.454184,PM2.5,35,240,63
India,Bihar,Araria,"Kharahiya Basti, Araria - BSPCB","16-09-2026 12:00:00",26.146529,87.454184,NO2,10,18,15
India,Bihar,Araria,"Kharahiya Basti, Araria - BSPCB","16-09-2026 12:00:00",26.146529,87.454184,CO,24,33,29
India,Bihar,Katihar,"Mirchaibari, Katihar - BSPCB","16-09-2026 12:00:00",25.560083,87.553265,PM2.5,20,50,34
India,Bihar,Katihar,"Mirchaibari, Katihar - BSPCB","16-09-2026 12:00:00",25.560083,87.553265,NO2,NA,NA,NA
India,Bihar,Kishanganj,"SDM Office_Khagra, Kishanganj - BSPCB","16-09-2026 12:00:00",26.0881305,87.93840336,PM2.5,47,77,60
India,Bihar,Kishanganj,"SDM Office_Khagra, Kishanganj - BSPCB","16-09-2026 12:00:00",26.0881305,87.93840336,OZONE,32,33,32
India,Bihar,Munger,"Town Hall, Munger - BSPCB","16-09-2026 12:00:00",25.376776,86.471523,PM2.5,5,77,33
India,Bihar,Munger,"Town Hall, Munger - BSPCB","16-09-2026 12:00:00",25.376776,86.471523,SO2,70,80,74
India,Bihar,Munger,"Town Hall, Munger - BSPCB","16-09-2026 12:00:00",25.376776,86.471523,CO,34,38,36
India,Bihar,Begusarai,"Lohiyanagar, Begusarai - BSPCB","16-09-2026 12:00:00",25.42742023,86.13886079,CO,50,69,59
India,Bihar,Bettiah,"Kamalnath Nagar, Bettiah - BSPCB","16-09-2026 12:00:00",26.80365,84.51954,NO2,NA,NA,NA
India,Bihar,Bhagalpur,"Mayaganj, Bhagalpur - BSPCB","16-09-2026 12:00:00",25.265194,87.012947,NH3,4,4,4
India,Bihar,Bhagalpur,"DM Office_Kachari Chowk, Bhagalpur - BSPCB","16-09-2026 12:00:00",25.251013,86.989001,NO2,18,24,21
India,Bihar,Gaya,"Kareemganj, Gaya - BSPCB","16-09-2026 12:00:00",24.792403,84.992416,CO,33,61,41
India,Bihar,Gaya,"Collectorate, Gaya - BSPCB","16-09-2026 12:00:00",24.7955,84.9994,PM10,NA,NA,NA
India,Bihar,Gaya,"Collectorate, Gaya - BSPCB","16-09-2026 12:00:00",24.7955,84.9994,NO2,7,11,9
India,Bihar,Gaya,"SFTI Kusdihra, Gaya - BSPCB","16-09-2026 12:00:00",24.762518,84.982348,NO2,19,31,24
India,"Andhra Pradesh",Anantapur,"Gulzarpet, Anantapur - APPCB","16-09-2026 12:00:00",14.675886,77.593027,PM10,47,77,59
India,"Andhra Pradesh",Anantapur,"Gulzarpet, Anantapur - APPCB","16-09-2026 12:00:00",14.675886,77.593027,NO2,16,28,18
India,"Andhra Pradesh",Amaravati,"Secretariat, Amaravati - APPCB","16-09-2026 12:00:00",16.5150833,80.5181667,PM10,47,119,76
India,Bihar,Muzaffarpur,"Buddha Colony, Muzaffarpur - BSPCB","16-09-2026 12:00:00",26.11442,85.39813,PM10,32,90,53
India,Chandigarh,Chandigarh,"Sector 22, Chandigarh - CPCC","16-09-2026 12:00:00",30.735567,76.775714,OZONE,5,35,17
India,Chhattisgarh,Bhilai,"Hathkhoj, Bhilai - CECB","16-09-2026 12:00:00",21.224231,81.40835,PM2.5,21,68,48
India,Chhattisgarh,Bhilai,"Hathkhoj, Bhilai - CECB","16-09-2026 12:00:00",21.224231,81.40835,NH3,4,14,9
India,Chhattisgarh,Bhilai,"Hathkhoj, Bhilai - CECB","16-09-2026 12:00:00",21.224231,81.40835,SO2,4,41,15
India,Chhattisgarh,Bhilai,"Civic Center, Bhilai - Bhilai Steel Plant","16-09-2026 12:00:00",21.185571,81.343175,PM10,8,41,23
India,Chhattisgarh,Bhilai,"32Bungalows, Bhilai - CECB","16-09-2026 12:00:00",21.194815,81.31477,PM2.5,15,40,29
India,Chhattisgarh,Bilaspur,"Mangala, Bilaspur - NTPC","16-09-2026 12:00:00",22.08815,82.13737,PM10,34,103,63
India,Chhattisgarh,Bilaspur,"Mangala, Bilaspur - NTPC","16-09-2026 12:00:00",22.08815,82.13737,OZONE,NA,NA,NA
India,Chhattisgarh,Korba,"Urja Nagar, Korba - CECB","16-09-2026 12:00:00",22.348441,82.549611,PM10,39,166,93
India,Chhattisgarh,Korba,"Urja Nagar, Korba - CECB","16-09-2026 12:00:00",22.348441,82.549611,NO2,5,7,5
India,Chhattisgarh,Korba,"Rampur, Korba - CECB","16-09-2026 12:00:00",22.368195,82.746431,NH3,1,1,1
India,Bihar,Muzaffarpur,"Buddha Colony, Muzaffarpur - BSPCB","16-09-2026 12:00:00",26.11442,85.39813,NO2,11,28,16
India,Bihar,Patna,"Muradpur, Patna - BSPCB","16-09-2026 12:00:00",25.619651,85.147382,OZONE,6,61,22
India,Bihar,Patna,"DRM Office Danapur, Patna - BSPCB","16-09-2026 12:00:00",25.586562,85.043586,SO2,5,8,6
India,Bihar,Patna,"Govt. High School Shikarpur, Patna - BSPCB","16-09-2026 12:00:00",25.592539,85.227158,NH3,6,6,6
India,Bihar,Patna,"Govt. High School Shikarpur, Patna - BSPCB","16-09-2026 12:00:00",25.592539,85.227158,SO2,12,13,13
India,Bihar,Patna,"Govt. High School Shikarpur, Patna - BSPCB","16-09-2026 12:00:00",25.592539,85.227158,CO,31,33,32
India,Bihar,Patna,"IGSC Planetarium Complex, Patna - BSPCB","16-09-2026 12:00:00",25.610369,85.132568,NH3,NA,NA,NA
India,Chhattisgarh,Milupara,"Govt. Higher Secondary School, Milupara - CECB","16-09-2026 12:00:00",22.1910172,83.5197009,NH3,NA,NA,NA
India,Chhattisgarh,Raipur,"Krishak Nagar, Raipur - CECB","16-09-2026 12:00:00",21.237755,81.705301,PM10,12,47,37
India,Chhattisgarh,Raipur,"Krishak Nagar, Raipur - CECB","16-09-2026 12:00:00",21.237755,81.705301,NO2,5,25,9
India,Chhattisgarh,Raipur,"Krishak Nagar, Raipur - CECB","16-09-2026 12:00:00",21.237755,81.705301,NH3,2,18,4
India,Chhattisgarh,Raipur,"Krishak Nagar, Raipur - CECB","16-09-2026 12:00:00",21.237755,81.705301,CO,20,26,24
India,Chhattisgarh,Raipur,"Bhatagaon New ISBT, Raipur - CECB","16-09-2026 12:00:00",21.219665,81.630094,NO2,11,42,22
India,Chhattisgarh,Raipur,"Siltara Phase-II, Raipur - CECB","16-09-2026 12:00:00",21.371751,81.664929,CO,17,18,17
India,Delhi,Delhi,"Cantonment Area, Delhi - DPCC","16-09-2026 12:00:00",28.594169,77.1251,PM10,8,78,45
India,Delhi,Delhi,"Cantonment Area, Delhi - DPCC","16-09-2026 12:00:00",28.594169,77.1251,SO2,4,6,5
India,Delhi,Delhi,"Sonia Vihar, Delhi - DPCC","16-09-2026 12:00:00",28.710508,77.249485,PM2.5,48,280,97
India,Delhi,Delhi,"Bawana, Delhi - DPCC","16-09-2026 12:00:00",28.7762,77.051074,OZONE,14,16,15
India,Delhi,Delhi,"Okhla Phase-2, Delhi - DPCC","16-09-2026 12:00:00",28.530785,77.271255,NH3,2,9,5
India,Bihar,Patna,"Rajbansi Nagar, Patna - BSPCB","16-09-2026 12:00:00",25.599486,85.113666,PM10,36,73,55
India,Bihar,Patna,"Rajbansi Nagar, Patna - BSPCB","16-09-2026 12:00:00",25.599486,85.113666,CO,49,53,50
India,Bihar,Purnia,"Mariam Nagar, Purnia - BSPCB","16-09-2026 12:00:00",25.366336,87.117468,NH3,4,4,4
India,Bihar,Rajgir,"Dangi Tola, Rajgir - BSPCB","16-09-2026 12:00:00",25.0328,85.41948,NO2,12,15,14
India,Delhi,Delhi,"Rohini, Delhi - DPCC","16-09-2026 12:00:00",28.732528,77.11992,NH3,3,5,4
India,Delhi,Delhi,"Rohini, Delhi - DPCC","16-09-2026 12:00:00",28.732528,77.11992,OZONE,10,13,11
India,Delhi,Delhi,"Vivek Vihar, Delhi - DPCC","16-09-2026 12:00:00",28.672342,77.31526,PM2.5,31,87,58
India,Delhi,Delhi,"Vivek Vihar, Delhi - DPCC","16-09-2026 12:00:00",28.672342,77.31526,PM10,45,144,95
India,Delhi,Delhi,"Vivek Vihar, Delhi - DPCC","16-09-2026 12:00:00",28.672342,77.31526,NO2,31,71,46
India,Delhi,Delhi,"Wazirpur, Delhi - DPCC","16-09-2026 12:00:00",28.699793,77.165453,NO2,22,65,42
India,Delhi,Delhi,"Wazirpur, Delhi - DPCC","16-09-2026 12:00:00",28.699793,77.165453,NH3,13,49,27
India,Delhi,Delhi,"Wazirpur, Delhi - DPCC","16-09-2026 12:00:00",28.699793,77.165453,OZONE,8,9,8
India,Delhi,Delhi,"Narela, Delhi - DPCC","16-09-2026 12:00:00",28.822836,77.101981,PM2.5,34,102,75
India,Delhi,Delhi,"Narela, Delhi - DPCC","16-09-2026 12:00:00",28.822836,77.101981,PM10,67,136,102
India,Bihar,Sasaram,"Dada Peer, Sasaram - BSPCB","16-09-2026 12:00:00",24.952822,84.002396,CO,15,30,22
India,Chandigarh,Chandigarh,"Sector-25, Chandigarh - CPCC","16-09-2026 12:00:00",30.751462,76.762879,PM10,37,68,54
India,Chandigarh,Chandigarh,"Sector-53, Chandigarh - CPCC","16-09-2026 12:00:00",30.719859,76.738637,NO2,NA,NA,NA
India,Chandigarh,Chandigarh,"Sector-53, Chandigarh - CPCC","16-09-2026 12:00:00",30.719859,76.738637,SO2,NA,NA,NA
India,Bihar,Rajgir,"Dangi Tola, Rajgir - BSPCB","16-09-2026 12:00:00",25.0328,85.41948,CO,38,51,43
India,Delhi,Delhi,"Jahangirpuri, Delhi - DPCC","16-09-2026 12:00:00",28.73282,77.170633,PM2.5,3,167,76
India,Delhi,Delhi,"IHBAS, Dilshad Garden, Delhi - CPCB","16-09-2026 12:00:00",28.6811736,77.3025234,NH3,5,5,5
India,Delhi,Delhi,"Nehru Nagar, Delhi - DPCC","16-09-2026 12:00:00",28.56789,77.250515,NO2,23,82,43
India,Delhi,Delhi,"Patparganj, Delhi - DPCC","16-09-2026 12:00:00",28.623763,77.287209,PM2.5,27,87,51
India,Delhi,Delhi,"Patparganj, Delhi - DPCC","16-09-2026 12:00:00",28.623763,77.287209,NO2,13,54,33
India,Delhi,Delhi,"Jawaharlal Nehru Stadium, Delhi - DPCC","16-09-2026 12:00:00",28.58028,77.233829,NH3,6,6,6
India,Delhi,Delhi,"Jawaharlal Nehru Stadium, Delhi - DPCC","16-09-2026 12:00:00",28.58028,77.233829,SO2,52,60,55
India,Delhi,Delhi,"Jawaharlal Nehru Stadium, Delhi - DPCC","16-09-2026 12:00:00",28.58028,77.233829,OZONE,16,54,26
India,Delhi,Delhi,"NSUT Jaffarpur, Delhi - DPCC","16-09-2026 12:00:00",28.594004,76.909423,OZONE,7,43,25
India,Delhi,Delhi,"Ashok Vihar, Delhi - DPCC","16-09-2026 12:00:00",28.695381,77.181665,CO,71,82,75
India,Delhi,Delhi,"Anand Vihar, Delhi - DPCC","16-09-2026 12:00:00",28.647622,77.315809,PM2.5,64,145,84
India,Delhi,Delhi,"Anand Vihar, Delhi - DPCC","16-09-2026 12:00:00",28.647622,77.315809,NO2,19,44,30
India,Delhi,Delhi,"Anand Vihar, Delhi - DPCC","16-09-2026 12:00:00",28.647622,77.315809,NH3,3,4,4
India,Delhi,Delhi,"Anand Vihar, Delhi - DPCC","16-09-2026 12:00:00",28.647622,77.315809,SO2,19,28,24
India,Delhi,Delhi,"Punjabi Bagh, Delhi - DPCC","16-09-2026 12:00:00",28.674045,77.131023,NH3,2,4,3
India,Delhi,Delhi,"Punjabi Bagh, Delhi - DPCC","16-09-2026 12:00:00",28.674045,77.131023,OZONE,7,29,12
India,Delhi,Delhi,"DTU, Delhi - CPCB","16-09-2026 12:00:00",28.7500499,77.1112615,PM2.5,47,223,94
India,Delhi,Delhi,"DTU, Delhi - CPCB","16-09-2026 12:00:00",28.7500499,77.1112615,NH3,4,13,9
India,Delhi,Delhi,"DTU, Delhi - CPCB","16-09-2026 12:00:00",28.7500499,77.1112615,SO2,32,34,33
India,Delhi,Delhi,"Dwarka-Sector 8, Delhi - DPCC ","16-09-2026 12:00:00",28.5710274,77.0719006,PM10,51,190,102
India,Delhi,Delhi,"Dwarka-Sector 8, Delhi - DPCC ","16-09-2026 12:00:00",28.5710274,77.0719006,NO2,15,80,33
India,Delhi,Delhi,"Dwarka-Sector 8, Delhi - DPCC ","16-09-2026 12:00:00",28.5710274,77.0719006,SO2,12,117,19
India,Delhi,Delhi,"Shadipur, Delhi - CPCB","16-09-2026 12:00:00",28.6514781,77.1473105,NH3,5,8,6
India,Delhi,Delhi,"Pusa, Delhi - DPCC","16-09-2026 12:00:00",28.639652,77.146275,NH3,2,7,5
India,Delhi,Delhi,"Sirifort, Delhi - CPCB","16-09-2026 12:00:00",28.5504249,77.2159377,PM2.5,46,138,78
India,Delhi,Delhi,"Sirifort, Delhi - CPCB","16-09-2026 12:00:00",28.5504249,77.2159377,PM10,54,333,116
India,Delhi,Delhi,"Sirifort, Delhi - CPCB","16-09-2026 12:00:00",28.5504249,77.2159377,NH3,9,12,10
India,Delhi,Delhi,"Chandni Chowk, Delhi - IITM","16-09-2026 12:00:00",28.656756,77.227234,PM2.5,37,118,88
India,Delhi,Delhi,"Pusa, Delhi - IITM","16-09-2026 12:00:00",28.63611,77.173332,NH3,NA,NA,NA
India,Delhi,Delhi,"Pusa, Delhi - IITM","16-09-2026 12:00:00",28.63611,77.173332,CO,28,41,35
India,Delhi,Delhi,"IIT Delhi, Delhi - IITM","16-09-2026 12:00:00",28.54246,77.191651,OZONE,11,58,30
India,Delhi,Delhi,"IGNOU_Maidan Garhi, Delhi - DPCC","16-09-2026 12:00:00",28.493624,77.201159,PM10,50,105,68
India,"Andhra Pradesh",Machilipatnam,"Srinivas Nagar Colony, Machilipatnam - APPCB","16-09-2026 12:00:00",16.186555,81.13219,OZONE,31,39,33
India,"Andhra Pradesh",Rajamahendravaram,"Anand Kala Kshetram, Rajamahendravaram - APPCB","16-09-2026 12:00:00",16.9872867,81.7363176,CO,13,28,21
India,"Andhra Pradesh",Tirupati,"Vaikuntapuram, Tirupati - APPCB","16-09-2026 12:00:00",13.615387,79.40923,NO2,NA,NA,NA
India,"Andhra Pradesh",Tirupati,"Vaikuntapuram, Tirupati - APPCB","16-09-2026 12:00:00",13.615387,79.40923,NH3,NA,NA,NA
India,"Andhra Pradesh",Vijayawada,"HB Colony, Vijayawada - APPCB","16-09-2026 12:00:00",16.536107,80.594233,NO2,16,30,19
India,"Andhra Pradesh",Vijayawada,"Rajiv Nagar, Vijayawada - APPCB","16-09-2026 12:00:00",16.554731,80.64911,PM10,53,73,60
India,"Andhra Pradesh",Visakhapatnam,"GVM Corporation, Visakhapatnam - APPCB","16-09-2026 12:00:00",17.72,83.3,SO2,2,29,11
India,"Andhra Pradesh",Visakhapatnam,"GVM Corporation, Visakhapatnam - APPCB","16-09-2026 12:00:00",17.72,83.3,CO,6,33,17
India,"Arunachal Pradesh",Naharlagun,"Naharlagun, Naharlagun - APSPCB","16-09-2026 12:00:00",27.103358,93.679645,NH3,1,1,1
India,"Arunachal Pradesh",Naharlagun,"Naharlagun, Naharlagun - APSPCB","16-09-2026 12:00:00",27.103358,93.679645,SO2,12,13,12
India,"Arunachal Pradesh",Naharlagun,"Naharlagun, Naharlagun - APSPCB","16-09-2026 12:00:00",27.103358,93.679645,OZONE,7,7,7
India,Assam,Byrnihat,"Central Academy for SFS, Byrnihat - PCBA","16-09-2026 12:00:00",26.071318,91.87488,PM2.5,68,207,89
India,Assam,Nalbari,"Bata Chowk, Nalbari - PCBA","16-09-2026 12:00:00",26.446912,91.439057,PM2.5,22,117,54
India,Assam,Nalbari,"Bata Chowk, Nalbari - PCBA","16-09-2026 12:00:00",26.446912,91.439057,NH3,6,6,6
India,Assam,Silchar,"Tarapur, Silchar - PCBA","16-09-2026 12:00:00",24.82827,92.79525,NO2,13,20,19
India,Assam,Silchar,"Tarapur, Silchar - PCBA","16-09-2026 12:00:00",24.82827,92.79525,CO,30,43,39
India,Assam,Sivasagar,"Girls College, Sivasagar - PCBA","16-09-2026 12:00:00",26.987634,94.636574,CO,10,20,14
India,Bihar,Araria,"Kharahiya Basti, Araria - BSPCB","16-09-2026 12:00:00",26.146529,87.454184,NH3,4,5,4
India,Bihar,Arrah,"New DM Office, Arrah - BSPCB","16-09-2026 12:00:00",25.5626095,84.663264,SO2,5,6,5
India,Bihar,Arrah,"New DM Office, Arrah - BSPCB","16-09-2026 12:00:00",25.5626095,84.663264,CO,41,61,52
India,Bihar,Begusarai,"Lohiyanagar, Begusarai - BSPCB","16-09-2026 12:00:00",25.42742023,86.13886079,PM10,29,77,50
India,Bihar,Begusarai,"Lohiyanagar, Begusarai - BSPCB","16-09-2026 12:00:00",25.42742023,86.13886079,NO2,7,11,9
India,Bihar,Begusarai,"Lohiyanagar, Begusarai - BSPCB","16-09-2026 12:00:00",25.42742023,86.13886079,SO2,9,19,15
India,"Andhra Pradesh",Chittoor,"Gangineni Cheruvu, Chittoor - APPCB","16-09-2026 12:00:00",13.20488,79.097889,NO2,NA,NA,NA
India,"Andhra Pradesh",Eluru,"District Court, Eluru - APPCB","16-09-2026 12:00:00",16.711754,81.092095,NH3,6,27,11
India,"Andhra Pradesh",Eluru,"District Court, Eluru - APPCB","16-09-2026 12:00:00",16.711754,81.092095,OZONE,11,19,14
India,"Andhra Pradesh",Guntur,"Rajendra Nagar North, Guntur - APPCB","16-09-2026 12:00:00",16.316553,80.413302,PM2.5,41,125,56
India,"Andhra Pradesh",Guntur,"Rajendra Nagar North, Guntur - APPCB","16-09-2026 12:00:00",16.316553,80.413302,OZONE,16,37,20
India,"Andhra Pradesh",Kadapa,"Yerramukkapalli, Kadapa - APPCB","16-09-2026 12:00:00",14.465052,78.824187,PM10,55,72,60
India,"Andhra Pradesh",Kakinada,"Rama Rao Peta, Kakinada - APPCB","16-09-2026 12:00:00",16.962488,82.229513,SO2,10,12,11
India,"Andhra Pradesh",Kurnool,"Sita Rama Nagar, Kurnool - APPCB","16-09-2026 12:00:00",15.83411,78.028546,PM10,37,65,51
India,"Andhra Pradesh",Kurnool,"Sita Rama Nagar, Kurnool - APPCB","16-09-2026 12:00:00",15.83411,78.028546,NH3,5,6,5
India,Bihar,Bhagalpur,"Mayaganj, Bhagalpur - BSPCB","16-09-2026 12:00:00",25.265194,87.012947,PM2.5,13,35,14
India,Bihar,Bhagalpur,"Mayaganj, Bhagalpur - BSPCB","16-09-2026 12:00:00",25.265194,87.012947,CO,13,47,32
India,Bihar,Bhagalpur,"DM Office_Kachari Chowk, Bhagalpur - BSPCB","16-09-2026 12:00:00",25.251013,86.989001,NH3,4,4,4
India,Bihar,"Bihar Sharif","D M Colony, Bihar Sharif - BSPCB","16-09-2026 12:00:00",25.204762,85.51496,NH3,3,4,3
India,Bihar,Gaya,"Kareemganj, Gaya - BSPCB","16-09-2026 12:00:00",24.792403,84.992416,PM2.5,2,308,102
India,Bihar,Gaya,"Collectorate, Gaya - BSPCB","16-09-2026 12:00:00",24.7955,84.9994,CO,11,12,12
India,Bihar,Gaya,"SFTI Kusdihra, Gaya - BSPCB","16-09-2026 12:00:00",24.762518,84.982348,PM2.5,33,68,50
India,Assam,Guwahati,"LGBI Airport, Guwahati - PCBA","16-09-2026 12:00:00",26.10887,91.589544,NO2,14,45,15
India,Assam,Guwahati,"LGBI Airport, Guwahati - PCBA","16-09-2026 12:00:00",26.10887,91.589544,SO2,0,12,11
India,Assam,Guwahati,"Pan Bazaar, Guwahati - PCBA","16-09-2026 12:00:00",26.1875,91.744194,NO2,1,2,2
India,Assam,Guwahati,"Pan Bazaar, Guwahati - PCBA","16-09-2026 12:00:00",26.1875,91.744194,SO2,33,38,36
India,Assam,Guwahati,"Railway Colony, Guwahati - PCBA","16-09-2026 12:00:00",26.181742,91.78063,PM10,18,66,48
India,Assam,Guwahati,"IITG, Guwahati - PCBA","16-09-2026 12:00:00",26.2028636,91.70046436,PM2.5,7,39,18
India,Assam,Nagaon,"Christianpatty, Nagaon - PCBA","16-09-2026 12:00:00",26.349082,92.68449,CO,13,21,17
India,Bihar,Kishanganj,"SDM Office_Khagra, Kishanganj - BSPCB","16-09-2026 12:00:00",26.0881305,87.93840336,NO2,7,8,8
India,Bihar,Motihari,"Gandak Colony, Motihari - BSPCB","16-09-2026 12:00:00",26.63086,84.90051,SO2,2,3,3
India,Bihar,Motihari,"Gandak Colony, Motihari - BSPCB","16-09-2026 12:00:00",26.63086,84.90051,CO,10,13,11
India,Bihar,Munger,"Town Hall, Munger - BSPCB","16-09-2026 12:00:00",25.376776,86.471523,PM10,2,143,64
India,Bihar,Muzaffarpur,"MIT-Daudpur Kothi, Muzaffarpur - BSPCB","16-09-2026 12:00:00",26.1403345,85.3650192,PM2.5,29,45,35
India,Bihar,Muzaffarpur,"MIT-Daudpur Kothi, Muzaffarpur - BSPCB","16-09-2026 12:00:00",26.1403345,85.3650192,NO2,2,10,3
India,Bihar,Gaya,"SFTI Kusdihra, Gaya - BSPCB","16-09-2026 12:00:00",24.762518,84.982348,SO2,4,9,8
India,Bihar,Hajipur,"Industrial Area, Hajipur - BSPCB","16-09-2026 12:00:00",25.697189,85.2459,SO2,3,7,5
India,Bihar,Hajipur,"Industrial Area, Hajipur - BSPCB","16-09-2026 12:00:00",25.697189,85.2459,OZONE,16,71,35
India,Bihar,Katihar,"Mirchaibari, Katihar - BSPCB","16-09-2026 12:00:00",25.560083,87.553265,PM10,21,51,35
India,Bihar,Begusarai,"Lohiyanagar, Begusarai - BSPCB","16-09-2026 12:00:00",25.42742023,86.13886079,OZONE,26,58,34
India,Bihar,Bettiah,"Kamalnath Nagar, Bettiah - BSPCB","16-09-2026 12:00:00",26.80365,84.51954,SO2,NA,NA,NA
India,Bihar,Bettiah,"Kamalnath Nagar, Bettiah - BSPCB","16-09-2026 12:00:00",26.80365,84.51954,CO,33,51,38
India,"Andhra Pradesh",Amaravati,"Secretariat, Amaravati - APPCB","16-09-2026 12:00:00",16.5150833,80.5181667,NO2,12,37,23
India,"Andhra Pradesh",Amaravati,"Secretariat, Amaravati - APPCB","16-09-2026 12:00:00",16.5150833,80.5181667,NH3,3,6,5
India,Bihar,Muzaffarpur,"MIT-Daudpur Kothi, Muzaffarpur - BSPCB","16-09-2026 12:00:00",26.1403345,85.3650192,SO2,19,34,23
India,Bihar,Sasaram,"Dada Peer, Sasaram - BSPCB","16-09-2026 12:00:00",24.952822,84.002396,PM10,1,50,17
India,Bihar,Sasaram,"Dada Peer, Sasaram - BSPCB","16-09-2026 12:00:00",24.952822,84.002396,OZONE,NA,NA,NA
India,Chandigarh,Chandigarh,"Sector-25, Chandigarh - CPCC","16-09-2026 12:00:00",30.751462,76.762879,NO2,7,47,19
India,Chandigarh,Chandigarh,"Sector-53, Chandigarh - CPCC","16-09-2026 12:00:00",30.719859,76.738637,OZONE,49,53,51
India,Chandigarh,Chandigarh,"Sector 22, Chandigarh - CPCC","16-09-2026 12:00:00",30.735567,76.775714,PM10,22,77,38
India,Chandigarh,Chandigarh,"Sector 22, Chandigarh - CPCC","16-09-2026 12:00:00",30.735567,76.775714,NO2,5,26,12
India,Chhattisgarh,Bhilai,"32Bungalows, Bhilai - CECB","16-09-2026 12:00:00",21.194815,81.31477,PM10,21,55,37
India,Chhattisgarh,Bhilai,"32Bungalows, Bhilai - CECB","16-09-2026 12:00:00",21.194815,81.31477,CO,11,14,13
India,Chhattisgarh,Bhilai,"32Bungalows, Bhilai - CECB","16-09-2026 12:00:00",21.194815,81.31477,OZONE,2,29,15
India,Chhattisgarh,Bilaspur,"Mangala, Bilaspur - NTPC","16-09-2026 12:00:00",22.08815,82.13737,PM2.5,25,59,37
India,Chhattisgarh,Bilaspur,"Mangala, Bilaspur - NTPC","16-09-2026 12:00:00",22.08815,82.13737,NH3,NA,NA,NA
India,Bihar,Muzaffarpur,"Buddha Colony, Muzaffarpur - BSPCB","16-09-2026 12:00:00",26.11442,85.39813,NH3,9,16,13
India,Bihar,Patna,"Samanpura, Patna - BSPCB","16-09-2026 12:00:00",25.596727,85.085624,NO2,23,24,24
India,Bihar,Patna,"Samanpura, Patna - BSPCB","16-09-2026 12:00:00",25.596727,85.085624,CO,22,25,23
India,Bihar,Patna,"Samanpura, Patna - BSPCB","16-09-2026 12:00:00",25.596727,85.085624,OZONE,23,25,23
India,Bihar,Patna,"Muradpur, Patna - BSPCB","16-09-2026 12:00:00",25.619651,85.147382,PM2.5,45,73,56
India,Bihar,Patna,"Muradpur, Patna - BSPCB","16-09-2026 12:00:00",25.619651,85.147382,SO2,8,9,9
India,Bihar,Patna,"DRM Office Danapur, Patna - BSPCB","16-09-2026 12:00:00",25.586562,85.043586,NO2,21,25,23
India,Bihar,Patna,"Govt. High School Shikarpur, Patna - BSPCB","16-09-2026 12:00:00",25.592539,85.227158,PM2.5,38,45,42
India,Bihar,Patna,"Govt. High School Shikarpur, Patna - BSPCB","16-09-2026 12:00:00",25.592539,85.227158,NO2,5,7,6
India,Bihar,Patna,"Govt. High School Shikarpur, Patna - BSPCB","16-09-2026 12:00:00",25.592539,85.227158,OZONE,21,75,44
India,Delhi,Delhi,"Cantonment Area, Delhi - DPCC","16-09-2026 12:00:00",28.594169,77.1251,NH3,1,4,2
India,Delhi,Delhi,"Cantonment Area, Delhi - DPCC","16-09-2026 12:00:00",28.594169,77.1251,CO,NA,NA,NA
India,Delhi,Delhi,"Major Dhyan Chand National Stadium, Delhi - DPCC","16-09-2026 12:00:00",28.611281,77.237738,PM2.5,2,67,26
India,Delhi,Delhi,"Major Dhyan Chand National Stadium, Delhi - DPCC","16-09-2026 12:00:00",28.611281,77.237738,PM10,23,100,61
India,Delhi,Delhi,"Major Dhyan Chand National Stadium, Delhi - DPCC","16-09-2026 12:00:00",28.611281,77.237738,SO2,6,33,31
India,Delhi,Delhi,"Major Dhyan Chand National Stadium, Delhi - DPCC","16-09-2026 12:00:00",28.611281,77.237738,CO,46,56,51
India,Delhi,Delhi,"Sonia Vihar, Delhi - DPCC","16-09-2026 12:00:00",28.710508,77.249485,CO,51,102,71
India,Delhi,Delhi,"Bawana, Delhi - DPCC","16-09-2026 12:00:00",28.7762,77.051074,NO2,2,17,8
India,Delhi,Delhi,"Okhla Phase-2, Delhi - DPCC","16-09-2026 12:00:00",28.530785,77.271255,PM10,59,163,100
India,Delhi,Delhi,"Okhla Phase-2, Delhi - DPCC","16-09-2026 12:00:00",28.530785,77.271255,NO2,11,62,32
India,Chhattisgarh,Raipur,"Bhatagaon New ISBT, Raipur - CECB","16-09-2026 12:00:00",21.219665,81.630094,PM2.5,18,43,32
India,Chhattisgarh,Raipur,"Bhatagaon New ISBT, Raipur - CECB","16-09-2026 12:00:00",21.219665,81.630094,OZONE,1,6,2
India,Chhattisgarh,Raipur,"Siltara Phase-II, Raipur - CECB","16-09-2026 12:00:00",21.371751,81.664929,PM2.5,NA,NA,NA
India,Chhattisgarh,Raipur,"Siltara Phase-II, Raipur - CECB","16-09-2026 12:00:00",21.371751,81.664929,PM10,22,114,49
India,Chhattisgarh,Raipur,"Siltara Phase-II, Raipur - CECB","16-09-2026 12:00:00",21.371751,81.664929,SO2,0,37,10
India,Chhattisgarh,Raipur,"Siltara Phase-II, Raipur - CECB","16-09-2026 12:00:00",21.371751,81.664929,OZONE,2,6,4
India,Delhi,Delhi,"Wazirpur, Delhi - DPCC","16-09-2026 12:00:00",28.699793,77.165453,PM10,95,318,164
India,Delhi,Delhi,"Wazirpur, Delhi - DPCC","16-09-2026 12:00:00",28.699793,77.165453,SO2,14,20,18
India,Delhi,Delhi,"Narela, Delhi - DPCC","16-09-2026 12:00:00",28.822836,77.101981,OZONE,6,25,11
India,Chhattisgarh,Chhal,"Nawapara SECL Colony, Chhal - CECB","16-09-2026 12:00:00",22.118125,83.140608,NH3,2,2,2
India,Chhattisgarh,Chhal,"Nawapara SECL Colony, Chhal - CECB","16-09-2026 12:00:00",22.118125,83.140608,SO2,0,62,9
India,Chhattisgarh,Chhal,"Nawapara SECL Colony, Chhal - CECB","16-09-2026 12:00:00",22.118125,83.140608,OZONE,41,54,46
India,Chhattisgarh,Korba,"Urja Nagar, Korba - CECB","16-09-2026 12:00:00",22.348441,82.549611,NH3,1,1,1
India,Chhattisgarh,Korba,"Urja Nagar, Korba - CECB","16-09-2026 12:00:00",22.348441,82.549611,OZONE,5,5,5
India,Chhattisgarh,Korba,"Rampur, Korba - CECB","16-09-2026 12:00:00",22.368195,82.746431,PM2.5,15,37,25
India,Chhattisgarh,Korba,"Rampur, Korba - CECB","16-09-2026 12:00:00",22.368195,82.746431,SO2,3,12,5
India,Bihar,Saharsa,"Police Line, Saharsa - BSPCB","16-09-2026 12:00:00",25.892357,86.590325,NH3,4,4,4
India,Bihar,Saharsa,"Police Line, Saharsa - BSPCB","16-09-2026 12:00:00",25.892357,86.590325,CO,40,47,44
India,Bihar,Samastipur,"DM Office_Kasipur, Samastipur - BSPCB","16-09-2026 12:00:00",25.859655,85.77944,NO2,NA,NA,NA
India,Chhattisgarh,Kunjemura,"OP Jindal School, Kunjemura - CECB","16-09-2026 12:00:00",22.12665,83.483212,NO2,4,40,14
India,Chhattisgarh,Kunjemura,"OP Jindal School, Kunjemura - CECB","16-09-2026 12:00:00",22.12665,83.483212,SO2,8,21,15
India,Chhattisgarh,Kunjemura,"OP Jindal School, Kunjemura - CECB","16-09-2026 12:00:00",22.12665,83.483212,CO,19,46,27
India,Bihar,Patna,"Rajbansi Nagar, Patna - BSPCB","16-09-2026 12:00:00",25.599486,85.113666,NH3,2,3,3
India,Bihar,Patna,"Rajbansi Nagar, Patna - BSPCB","16-09-2026 12:00:00",25.599486,85.113666,SO2,7,15,9
India,Bihar,Rajgir,"Dangi Tola, Rajgir - BSPCB","16-09-2026 12:00:00",25.0328,85.41948,NH3,3,3,3
India,Delhi,Delhi,"Rohini, Delhi - DPCC","16-09-2026 12:00:00",28.732528,77.11992,CO,38,51,44
India,Delhi,Delhi,"Vivek Vihar, Delhi - DPCC","16-09-2026 12:00:00",28.672342,77.31526,SO2,4,11,8
India,Delhi,Delhi,"Vivek Vihar, Delhi - DPCC","16-09-2026 12:00:00",28.672342,77.31526,OZONE,10,28,15
India,Delhi,Delhi,"Jahangirpuri, Delhi - DPCC","16-09-2026 12:00:00",28.73282,77.170633,NO2,16,45,29
India,Delhi,Delhi,"Jahangirpuri, Delhi - DPCC","16-09-2026 12:00:00",28.73282,77.170633,SO2,8,17,13
India,Delhi,Delhi,"IHBAS, Dilshad Garden, Delhi - CPCB","16-09-2026 12:00:00",28.6811736,77.3025234,PM2.5,53,89,74
India,Delhi,Delhi,"Sri Aurobindo Marg, Delhi - DPCC","16-09-2026 12:00:00",28.531346,77.190156,SO2,9,14,11
India,Delhi,Delhi,"Sri Aurobindo Marg, Delhi - DPCC","16-09-2026 12:00:00",28.531346,77.190156,OZONE,3,37,13
India,Delhi,Delhi,"Nehru Nagar, Delhi - DPCC","16-09-2026 12:00:00",28.56789,77.250515,PM2.5,3,310,62
India,Delhi,Delhi,"Nehru Nagar, Delhi - DPCC","16-09-2026 12:00:00",28.56789,77.250515,CO,46,72,58
India,Delhi,Delhi,"Patparganj, Delhi - DPCC","16-09-2026 12:00:00",28.623763,77.287209,OZONE,11,22,14
India,Delhi,Delhi,"Jawaharlal Nehru Stadium, Delhi - DPCC","16-09-2026 12:00:00",28.58028,77.233829,NO2,11,24,15
India,Delhi,Delhi,"Najafgarh, Delhi - DPCC","16-09-2026 12:00:00",28.570173,76.933762,PM2.5,5,77,29
India,Delhi,Delhi,"Najafgarh, Delhi - DPCC","16-09-2026 12:00:00",28.570173,76.933762,NH3,5,6,6
India,Delhi,Delhi,"Najafgarh, Delhi - DPCC","16-09-2026 12:00:00",28.570173,76.933762,CO,27,29,28
India,Delhi,Delhi,"Mundka, Delhi - DPCC","16-09-2026 12:00:00",28.684678,77.076574,NH3,5,8,6
India,Delhi,Delhi,"Ashok Vihar, Delhi - DPCC","16-09-2026 12:00:00",28.695381,77.181665,PM2.5,15,98,55
India,Delhi,Delhi,"Ashok Vihar, Delhi - DPCC","16-09-2026 12:00:00",28.695381,77.181665,NO2,14,51,31
India,Delhi,Delhi,"Anand Vihar, Delhi - DPCC","16-09-2026 12:00:00",28.647622,77.315809,OZONE,2,7,4
India,Delhi,Delhi,"DTU, Delhi - CPCB","16-09-2026 12:00:00",28.7500499,77.1112615,NO2,17,30,24
India,Delhi,Delhi,"DTU, Delhi - CPCB","16-09-2026 12:00:00",28.7500499,77.1112615,OZONE,9,21,12
India,Delhi,Delhi,"Dwarka-Sector 8, Delhi - DPCC ","16-09-2026 12:00:00",28.5710274,77.0719006,OZONE,11,29,16
India,Delhi,Delhi,"Dr. Karni Singh Shooting Range, Delhi - DPCC","16-09-2026 12:00:00",28.498571,77.26484,PM10,30,129,70
India,Delhi,Delhi,"Dr. Karni Singh Shooting Range, Delhi - DPCC","16-09-2026 12:00:00",28.498571,77.26484,SO2,4,7,6
India,Delhi,Delhi,"Mandir Marg, Delhi - DPCC","16-09-2026 12:00:00",28.636429,77.201067,PM2.5,NA,NA,NA
India,Delhi,Delhi,"Mandir Marg, Delhi - DPCC","16-09-2026 12:00:00",28.636429,77.201067,NO2,6,35,17
India,Delhi,Delhi,"Sirifort, Delhi - CPCB","16-09-2026 12:00:00",28.5504249,77.2159377,CO,23,28,26
India,Delhi,Delhi,"Sirifort, Delhi - CPCB","16-09-2026 12:00:00",28.5504249,77.2159377,OZONE,13,18,16
India,Delhi,Delhi,"Chandni Chowk, Delhi - IITM","16-09-2026 12:00:00",28.656756,77.227234,NH3,4,19,8
India,Delhi,Delhi,"Chandni Chowk, Delhi - IITM","16-09-2026 12:00:00",28.656756,77.227234,SO2,3,17,11
India,Delhi,Delhi,"Chandni Chowk, Delhi - IITM","16-09-2026 12:00:00",28.656756,77.227234,CO,59,70,63
India,Delhi,Delhi,"IIT Delhi, Delhi - IITM","16-09-2026 12:00:00",28.54246,77.191651,NH3,NA,NA,NA
India,"Andhra Pradesh",Machilipatnam,"Srinivas Nagar Colony, Machilipatnam - APPCB","16-09-2026 12:00:00",16.186555,81.13219,PM2.5,52,60,55
India,"Andhra Pradesh",Machilipatnam,"Srinivas Nagar Colony, Machilipatnam - APPCB","16-09-2026 12:00:00",16.186555,81.13219,PM10,50,61,53
India,"Andhra Pradesh",Nellore,"Ambedkar Nagar, Nellore - APPCB ","16-09-2026 12:00:00",14.438164,79.966814,PM2.5,58,67,60
India,"Andhra Pradesh",Nellore,"Ambedkar Nagar, Nellore - APPCB ","16-09-2026 12:00:00",14.438164,79.966814,NO2,26,33,28
India,"Andhra Pradesh",Rajamahendravaram,"Anand Kala Kshetram, Rajamahendravaram - APPCB","16-09-2026 12:00:00",16.9872867,81.7363176,NO2,3,19,9
India,"Andhra Pradesh",Tirumala,"Toll Gate, Tirumala - APPCB","16-09-2026 12:00:00",13.67,79.35,PM2.5,26,83,45
India,"Andhra Pradesh",Tirumala,"Toll Gate, Tirumala - APPCB","16-09-2026 12:00:00",13.67,79.35,PM10,23,76,44
India,"Andhra Pradesh",Tirumala,"Toll Gate, Tirumala - APPCB","16-09-2026 12:00:00",13.67,79.35,OZONE,12,94,36
India,"Andhra Pradesh",Tirupati,"Vaikuntapuram, Tirupati - APPCB","16-09-2026 12:00:00",13.615387,79.40923,CO,22,25,24
India,"Andhra Pradesh",Vijayawada,"Rajiv Nagar, Vijayawada - APPCB","16-09-2026 12:00:00",16.554731,80.64911,NH3,3,5,4
India,"Andhra Pradesh",Vijayawada,"Rajiv Gandhi Park, Vijayawada - APPCB","16-09-2026 12:00:00",16.509717,80.612222,NO2,16,35,30
India,"Andhra Pradesh",Vijayawada,"Rajiv Gandhi Park, Vijayawada - APPCB","16-09-2026 12:00:00",16.509717,80.612222,NH3,4,8,7
India,"Andhra Pradesh",Vijayawada,"Rajiv Gandhi Park, Vijayawada - APPCB","16-09-2026 12:00:00",16.509717,80.612222,SO2,9,21,12
India,"Andhra Pradesh",Vijayawada,"Rajiv Gandhi Park, Vijayawada - APPCB","16-09-2026 12:00:00",16.509717,80.612222,CO,25,38,32
India,"Andhra Pradesh",Visakhapatnam,"GVM Corporation, Visakhapatnam - APPCB","16-09-2026 12:00:00",17.72,83.3,PM10,21,68,48
India,"Andhra Pradesh",Visakhapatnam,"GVM Corporation, Visakhapatnam - APPCB","16-09-2026 12:00:00",17.72,83.3,NH3,2,3,2
India,"Arunachal Pradesh",Naharlagun,"Naharlagun, Naharlagun - APSPCB","16-09-2026 12:00:00",27.103358,93.679645,NO2,8,9,9
India,"Arunachal Pradesh",Naharlagun,"Naharlagun, Naharlagun - APSPCB","16-09-2026 12:00:00",27.103358,93.679645,CO,8,10,9
India,Assam,Byrnihat,"Central Academy for SFS, Byrnihat - PCBA","16-09-2026 12:00:00",26.071318,91.87488,PM10,63,128,79
India,"Andhra Pradesh",Anantapur,"Gulzarpet, Anantapur - APPCB","16-09-2026 12:00:00",14.675886,77.593027,OZONE,15,35,21
India,"Andhra Pradesh",Chittoor,"Gangineni Cheruvu, Chittoor - APPCB","16-09-2026 12:00:00",13.20488,79.097889,SO2,NA,NA,NA
India,"Andhra Pradesh",Eluru,"District Court, Eluru - APPCB","16-09-2026 12:00:00",16.711754,81.092095,PM2.5,42,59,49
India,"Andhra Pradesh",Eluru,"District Court, Eluru - APPCB","16-09-2026 12:00:00",16.711754,81.092095,NO2,17,62,36
India,"Andhra Pradesh",Eluru,"District Court, Eluru - APPCB","16-09-2026 12:00:00",16.711754,81.092095,SO2,8,15,13
India,"Andhra Pradesh",Guntur,"Rajendra Nagar North, Guntur - APPCB","16-09-2026 12:00:00",16.316553,80.413302,CO,9,16,13
India,"Andhra Pradesh",Kadapa,"Yerramukkapalli, Kadapa - APPCB","16-09-2026 12:00:00",14.465052,78.824187,OZONE,33,42,36
India,"Andhra Pradesh",Kakinada,"Rama Rao Peta, Kakinada - APPCB","16-09-2026 12:00:00",16.962488,82.229513,PM2.5,NA,NA,NA
India,"Andhra Pradesh",Kurnool,"Sita Rama Nagar, Kurnool - APPCB","16-09-2026 12:00:00",15.83411,78.028546,PM2.5,36,69,52
India,Bihar,Bhagalpur,"Mayaganj, Bhagalpur - BSPCB","16-09-2026 12:00:00",25.265194,87.012947,SO2,1,120,45
India,Bihar,Bhagalpur,"DM Office_Kachari Chowk, Bhagalpur - BSPCB","16-09-2026 12:00:00",25.251013,86.989001,OZONE,17,21,19
India,Bihar,"Bihar Sharif","D M Colony, Bihar Sharif - BSPCB","16-09-2026 12:00:00",25.204762,85.51496,PM2.5,NA,NA,NA
India,Bihar,"Bihar Sharif","D M Colony, Bihar Sharif - BSPCB","16-09-2026 12:00:00",25.204762,85.51496,PM10,NA,NA,NA
India,Bihar,"Bihar Sharif","D M Colony, Bihar Sharif - BSPCB","16-09-2026 12:00:00",25.204762,85.51496,NO2,9,10,9
India,Bihar,"Bihar Sharif","D M Colony, Bihar Sharif - BSPCB","16-09-2026 12:00:00",25.204762,85.51496,SO2,12,13,13
India,Bihar,Gaya,"Kareemganj, Gaya - BSPCB","16-09-2026 12:00:00",24.792403,84.992416,PM10,2,308,115
India,Bihar,Gaya,"Collectorate, Gaya - BSPCB","16-09-2026 12:00:00",24.7955,84.9994,PM2.5,43,271,130
India,Bihar,Gaya,"Collectorate, Gaya - BSPCB","16-09-2026 12:00:00",24.7955,84.9994,NH3,NA,NA,NA
India,Bihar,Gaya,"Collectorate, Gaya - BSPCB","16-09-2026 12:00:00",24.7955,84.9994,OZONE,27,29,28
India,Assam,Nalbari,"Bata Chowk, Nalbari - PCBA","16-09-2026 12:00:00",26.446912,91.439057,NO2,13,15,14
India,Assam,Nalbari,"Bata Chowk, Nalbari - PCBA","16-09-2026 12:00:00",26.446912,91.439057,SO2,8,8,8
India,Assam,Silchar,"Tarapur, Silchar - PCBA","16-09-2026 12:00:00",24.82827,92.79525,PM2.5,27,77,44
India,Assam,Silchar,"Tarapur, Silchar - PCBA","16-09-2026 12:00:00",24.82827,92.79525,PM10,47,64,53
India,Assam,Sivasagar,"Girls College, Sivasagar - PCBA","16-09-2026 12:00:00",26.987634,94.636574,SO2,8,9,9
India,Bihar,Araria,"Kharahiya Basti, Araria - BSPCB","16-09-2026 12:00:00",26.146529,87.454184,SO2,18,21,20
India,Bihar,Araria,"Kharahiya Basti, Araria - BSPCB","16-09-2026 12:00:00",26.146529,87.454184,OZONE,37,40,38
India,Bihar,Arrah,"New DM Office, Arrah - BSPCB","16-09-2026 12:00:00",25.5626095,84.663264,PM10,NA,NA,NA
India,Assam,Byrnihat,"Central Academy for SFS, Byrnihat - PCBA","16-09-2026 12:00:00",26.071318,91.87488,NO2,5,9,8
India,Assam,Guwahati,"Pan Bazaar, Guwahati - PCBA","16-09-2026 12:00:00",26.1875,91.744194,CO,12,15,14
India,Assam,Guwahati,"Railway Colony, Guwahati - PCBA","16-09-2026 12:00:00",26.181742,91.78063,SO2,4,11,7
India,Assam,Guwahati,"IITG, Guwahati - PCBA","16-09-2026 12:00:00",26.2028636,91.70046436,NO2,1,3,2
India,Assam,Guwahati,"IITG, Guwahati - PCBA","16-09-2026 12:00:00",26.2028636,91.70046436,CO,75,80,78
India,Assam,Nagaon,"Christianpatty, Nagaon - PCBA","16-09-2026 12:00:00",26.349082,92.68449,PM10,37,67,56
India,Bihar,Kishanganj,"SDM Office_Khagra, Kishanganj - BSPCB","16-09-2026 12:00:00",26.0881305,87.93840336,NH3,3,3,3
India,Bihar,Motihari,"Gandak Colony, Motihari - BSPCB","16-09-2026 12:00:00",26.63086,84.90051,NH3,1,1,1
India,Bihar,Motihari,"Gandak Colony, Motihari - BSPCB","16-09-2026 12:00:00",26.63086,84.90051,OZONE,55,58,57
India,Bihar,Munger,"Town Hall, Munger - BSPCB","16-09-2026 12:00:00",25.376776,86.471523,OZONE,13,14,14
India,Bihar,Muzaffarpur,"MIT-Daudpur Kothi, Muzaffarpur - BSPCB","16-09-2026 12:00:00",26.1403345,85.3650192,PM10,25,52,33
India,Bihar,Gaya,"SFTI Kusdihra, Gaya - BSPCB","16-09-2026 12:00:00",24.762518,84.982348,NH3,4,8,6
India,Bihar,Gaya,"SFTI Kusdihra, Gaya - BSPCB","16-09-2026 12:00:00",24.762518,84.982348,OZONE,8,34,18
India,"Andhra Pradesh",Amaravati,"Secretariat, Amaravati - APPCB","16-09-2026 12:00:00",16.5150833,80.5181667,CO,8,25,17
India,"Andhra Pradesh",Amaravati,"Secretariat, Amaravati - APPCB","16-09-2026 12:00:00",16.5150833,80.5181667,SO2,2,18,10
India,Bihar,Bettiah,"Kamalnath Nagar, Bettiah - BSPCB","16-09-2026 12:00:00",26.80365,84.51954,PM10,NA,NA,NA
India,Chandigarh,Chandigarh,"Sector-25, Chandigarh - CPCC","16-09-2026 12:00:00",30.751462,76.762879,PM2.5,30,62,42
India,Chandigarh,Chandigarh,"Sector-25, Chandigarh - CPCC","16-09-2026 12:00:00",30.751462,76.762879,CO,15,25,21
India,Chandigarh,Chandigarh,"Sector-25, Chandigarh - CPCC","16-09-2026 12:00:00",30.751462,76.762879,OZONE,3,30,12
India,Chandigarh,Chandigarh,"Sector-53, Chandigarh - CPCC","16-09-2026 12:00:00",30.719859,76.738637,PM2.5,NA,NA,NA
India,Chandigarh,Chandigarh,"Sector-53, Chandigarh - CPCC","16-09-2026 12:00:00",30.719859,76.738637,PM10,NA,NA,NA
India,Chandigarh,Chandigarh,"Sector-53, Chandigarh - CPCC","16-09-2026 12:00:00",30.719859,76.738637,CO,25,28,27
India,Chhattisgarh,Bhilai,"Hathkhoj, Bhilai - CECB","16-09-2026 12:00:00",21.224231,81.40835,OZONE,3,24,12
India,Chhattisgarh,Bhilai,"Civic Center, Bhilai - Bhilai Steel Plant","16-09-2026 12:00:00",21.185571,81.343175,PM2.5,3,26,16
India,Chhattisgarh,Bilaspur,"Mangala, Bilaspur - NTPC","16-09-2026 12:00:00",22.08815,82.13737,NO2,14,25,20
India,Chhattisgarh,Bilaspur,"Mangala, Bilaspur - NTPC","16-09-2026 12:00:00",22.08815,82.13737,SO2,12,21,16
India,Chhattisgarh,Chhal,"Nawapara SECL Colony, Chhal - CECB","16-09-2026 12:00:00",22.118125,83.140608,NO2,4,16,8
India,Bihar,Patna,"Samanpura, Patna - BSPCB","16-09-2026 12:00:00",25.596727,85.085624,PM2.5,NA,NA,NA
India,Bihar,Patna,"Samanpura, Patna - BSPCB","16-09-2026 12:00:00",25.596727,85.085624,NH3,4,6,5
India,Bihar,Patna,"Muradpur, Patna - BSPCB","16-09-2026 12:00:00",25.619651,85.147382,NO2,3,4,3
India,Bihar,Patna,"Muradpur, Patna - BSPCB","16-09-2026 12:00:00",25.619651,85.147382,NH3,4,5,5
India,Bihar,Patna,"Muradpur, Patna - BSPCB","16-09-2026 12:00:00",25.619651,85.147382,CO,42,52,48
India,Bihar,Patna,"DRM Office Danapur, Patna - BSPCB","16-09-2026 12:00:00",25.586562,85.043586,CO,32,38,36
India,Bihar,Patna,"Govt. High School Shikarpur, Patna - BSPCB","16-09-2026 12:00:00",25.592539,85.227158,PM10,70,121,89
India,Bihar,Patna,"IGSC Planetarium Complex, Patna - BSPCB","16-09-2026 12:00:00",25.610369,85.132568,PM2.5,43,298,114
India,Bihar,Patna,"IGSC Planetarium Complex, Patna - BSPCB","16-09-2026 12:00:00",25.610369,85.132568,SO2,16,24,20
India,Bihar,Patna,"IGSC Planetarium Complex, Patna - BSPCB","16-09-2026 12:00:00",25.610369,85.132568,OZONE,46,67,57
India,Chhattisgarh,Korba,"Rampur, Korba - CECB","16-09-2026 12:00:00",22.368195,82.746431,OZONE,4,32,16
India,Chhattisgarh,Kunjemura,"OP Jindal School, Kunjemura - CECB","16-09-2026 12:00:00",22.12665,83.483212,NH3,2,2,2
India,Chhattisgarh,Milupara,"Govt. Higher Secondary School, Milupara - CECB","16-09-2026 12:00:00",22.1910172,83.5197009,PM10,NA,NA,NA
India,Chhattisgarh,Milupara,"Govt. Higher Secondary School, Milupara - CECB","16-09-2026 12:00:00",22.1910172,83.5197009,CO,21,29,25
India,Bihar,Saharsa,"Police Line, Saharsa - BSPCB","16-09-2026 12:00:00",25.892357,86.590325,PM10,31,139,64
India,Bihar,Samastipur,"DM Office_Kasipur, Samastipur - BSPCB","16-09-2026 12:00:00",25.859655,85.77944,NH3,NA,NA,NA
India,Bihar,Samastipur,"DM Office_Kasipur, Samastipur - BSPCB","16-09-2026 12:00:00",25.859655,85.77944,CO,NA,NA,NA
India,Bihar,Sasaram,"Dada Peer, Sasaram - BSPCB","16-09-2026 12:00:00",24.952822,84.002396,PM2.5,2,58,20
India,Chhattisgarh,Raipur,"Bhatagaon New ISBT, Raipur - CECB","16-09-2026 12:00:00",21.219665,81.630094,PM10,27,62,52
India,Chhattisgarh,Raipur,"Bhatagaon New ISBT, Raipur - CECB","16-09-2026 12:00:00",21.219665,81.630094,NH3,2,2,2
India,Chhattisgarh,Raipur,"Bhatagaon New ISBT, Raipur - CECB","16-09-2026 12:00:00",21.219665,81.630094,SO2,2,5,3
India,Delhi,Delhi,"Narela, Delhi - DPCC","16-09-2026 12:00:00",28.822836,77.101981,NO2,8,18,11
India,Bihar,Patna,"Rajbansi Nagar, Patna - BSPCB","16-09-2026 12:00:00",25.599486,85.113666,NO2,28,33,30
India,Bihar,Purnia,"Mariam Nagar, Purnia - BSPCB","16-09-2026 12:00:00",25.366336,87.117468,SO2,16,17,16
India,Bihar,Muzaffarpur,"Buddha Colony, Muzaffarpur - BSPCB","16-09-2026 12:00:00",26.11442,85.39813,PM2.5,23,76,46
India,Chhattisgarh,Korba,"Urja Nagar, Korba - CECB","16-09-2026 12:00:00",22.348441,82.549611,PM2.5,27,179,73
India,Bihar,Rajgir,"Dangi Tola, Rajgir - BSPCB","16-09-2026 12:00:00",25.0328,85.41948,SO2,3,3,3
India,Delhi,Delhi,"Cantonment Area, Delhi - DPCC","16-09-2026 12:00:00",28.594169,77.1251,PM2.5,11,51,25
India,Delhi,Delhi,"Cantonment Area, Delhi - DPCC","16-09-2026 12:00:00",28.594169,77.1251,NO2,4,20,10
India,Delhi,Delhi,"Major Dhyan Chand National Stadium, Delhi - DPCC","16-09-2026 12:00:00",28.611281,77.237738,NH3,5,9,6
India,Delhi,Delhi,"Sonia Vihar, Delhi - DPCC","16-09-2026 12:00:00",28.710508,77.249485,PM10,61,165,112
India,Delhi,Delhi,"Bawana, Delhi - DPCC","16-09-2026 12:00:00",28.7762,77.051074,PM2.5,13,335,94
India,Delhi,Delhi,"Bawana, Delhi - DPCC","16-09-2026 12:00:00",28.7762,77.051074,PM10,15,265,95
India,Delhi,Delhi,"Okhla Phase-2, Delhi - DPCC","16-09-2026 12:00:00",28.530785,77.271255,PM2.5,32,95,58
India,Delhi,Delhi,"Rohini, Delhi - DPCC","16-09-2026 12:00:00",28.732528,77.11992,PM2.5,12,170,85
India,Delhi,Delhi,"Rohini, Delhi - DPCC","16-09-2026 12:00:00",28.732528,77.11992,PM10,48,155,118
India,Delhi,Delhi,"Vivek Vihar, Delhi - DPCC","16-09-2026 12:00:00",28.672342,77.31526,NH3,5,6,5
India,Delhi,Delhi,"Jahangirpuri, Delhi - DPCC","16-09-2026 12:00:00",28.73282,77.170633,PM10,64,160,117
India,Delhi,Delhi,"Jahangirpuri, Delhi - DPCC","16-09-2026 12:00:00",28.73282,77.170633,NH3,9,11,10
India,Delhi,Delhi,"Jahangirpuri, Delhi - DPCC","16-09-2026 12:00:00",28.73282,77.170633,CO,27,45,33
India,Delhi,Delhi,"Jahangirpuri, Delhi - DPCC","16-09-2026 12:00:00",28.73282,77.170633,OZONE,11,18,14
India,Delhi,Delhi,"IHBAS, Dilshad Garden, Delhi - CPCB","16-09-2026 12:00:00",28.6811736,77.3025234,CO,31,38,36
India,Delhi,Delhi,"IHBAS, Dilshad Garden, Delhi - CPCB","16-09-2026 12:00:00",28.6811736,77.3025234,OZONE,7,21,11
India,Delhi,Delhi,"Sri Aurobindo Marg, Delhi - DPCC","16-09-2026 12:00:00",28.531346,77.190156,PM2.5,18,78,44
India,Delhi,Delhi,"Sri Aurobindo Marg, Delhi - DPCC","16-09-2026 12:00:00",28.531346,77.190156,PM10,48,145,82
India,Delhi,Delhi,"Sri Aurobindo Marg, Delhi - DPCC","16-09-2026 12:00:00",28.531346,77.190156,NO2,9,28,18
India,Delhi,Delhi,"Sri Aurobindo Marg, Delhi - DPCC","16-09-2026 12:00:00",28.531346,77.190156,NH3,4,5,5
India,Delhi,Delhi,"Patparganj, Delhi - DPCC","16-09-2026 12:00:00",28.623763,77.287209,SO2,1,7,4
India,Delhi,Delhi,"Jawaharlal Nehru Stadium, Delhi - DPCC","16-09-2026 12:00:00",28.58028,77.233829,PM10,38,125,77
India,Delhi,Delhi,"Jawaharlal Nehru Stadium, Delhi - DPCC","16-09-2026 12:00:00",28.58028,77.233829,CO,101,126,112
India,Delhi,Delhi,"Najafgarh, Delhi - DPCC","16-09-2026 12:00:00",28.570173,76.933762,PM10,29,119,60
India,Delhi,Delhi,"Mundka, Delhi - DPCC","16-09-2026 12:00:00",28.684678,77.076574,PM10,95,199,142
India,Delhi,Delhi,"Mundka, Delhi - DPCC","16-09-2026 12:00:00",28.684678,77.076574,NO2,29,99,77
India,Delhi,Delhi,"Mundka, Delhi - DPCC","16-09-2026 12:00:00",28.684678,77.076574,CO,39,52,46
India,Delhi,Delhi,"Mundka, Delhi - DPCC","16-09-2026 12:00:00",28.684678,77.076574,OZONE,3,9,6
India,Delhi,Delhi,"NSUT Jaffarpur, Delhi - DPCC","16-09-2026 12:00:00",28.594004,76.909423,PM10,47,140,87
India,Delhi,Delhi,"Ashok Vihar, Delhi - DPCC","16-09-2026 12:00:00",28.695381,77.181665,NH3,5,8,6
India,Delhi,Delhi,"Anand Vihar, Delhi - DPCC","16-09-2026 12:00:00",28.647622,77.315809,CO,NA,NA,NA
India,Delhi,Delhi,"Punjabi Bagh, Delhi - DPCC","16-09-2026 12:00:00",28.674045,77.131023,PM2.5,32,183,71
India,Delhi,Delhi,"Punjabi Bagh, Delhi - DPCC","16-09-2026 12:00:00",28.674045,77.131023,NO2,25,57,39
India,Delhi,Delhi,"Punjabi Bagh, Delhi - DPCC","16-09-2026 12:00:00",28.674045,77.131023,SO2,21,29,25
India,Delhi,Delhi,"Punjabi Bagh, Delhi - DPCC","16-09-2026 12:00:00",28.674045,77.131023,CO,31,44,37
India,Delhi,Delhi,"Dwarka-Sector 8, Delhi - DPCC ","16-09-2026 12:00:00",28.5710274,77.0719006,CO,12,20,17
India,Delhi,Delhi,"Dr. Karni Singh Shooting Range, Delhi - DPCC","16-09-2026 12:00:00",28.498571,77.26484,PM2.5,10,107,48
India,Delhi,Delhi,"Dr. Karni Singh Shooting Range, Delhi - DPCC","16-09-2026 12:00:00",28.498571,77.26484,NH3,4,5,4
India,Delhi,Delhi,"Dr. Karni Singh Shooting Range, Delhi - DPCC","16-09-2026 12:00:00",28.498571,77.26484,CO,26,51,39
India,Delhi,Delhi,"Shadipur, Delhi - CPCB","16-09-2026 12:00:00",28.6514781,77.1473105,PM2.5,35,84,52
India,Delhi,Delhi,"Mandir Marg, Delhi - DPCC","16-09-2026 12:00:00",28.636429,77.201067,PM10,46,108,77
India,Delhi,Delhi,"Pusa, Delhi - DPCC","16-09-2026 12:00:00",28.639652,77.146275,NO2,15,62,34
India,Delhi,Delhi,"Pusa, Delhi - DPCC","16-09-2026 12:00:00",28.639652,77.146275,CO,56,104,87
India,Delhi,Delhi,"Sirifort, Delhi - CPCB","16-09-2026 12:00:00",28.5504249,77.2159377,SO2,31,43,33
India,Delhi,Delhi,"Chandni Chowk, Delhi - IITM","16-09-2026 12:00:00",28.656756,77.227234,PM10,65,140,92
India,Delhi,Delhi,"Chandni Chowk, Delhi - IITM","16-09-2026 12:00:00",28.656756,77.227234,OZONE,2,23,10
India,Delhi,Delhi,"Pusa, Delhi - IITM","16-09-2026 12:00:00",28.63611,77.173332,PM10,40,146,83
India,Delhi,Delhi,"Pusa, Delhi - IITM","16-09-2026 12:00:00",28.63611,77.173332,NO2,34,141,80
India,Delhi,Delhi,"Pusa, Delhi - IITM","16-09-2026 12:00:00",28.63611,77.173332,OZONE,11,165,57
India,Delhi,Delhi,"IIT Delhi, Delhi - IITM","16-09-2026 12:00:00",28.54246,77.191651,NO2,3,51,20
India,Delhi,Delhi,"IIT Delhi, Delhi - IITM","16-09-2026 12:00:00",28.54246,77.191651,CO,21,33,27
India,Delhi,Delhi,"IGNOU_Maidan Garhi, Delhi - DPCC","16-09-2026 12:00:00",28.493624,77.201159,NO2,5,43,14
India,"Andhra Pradesh",Machilipatnam,"Srinivas Nagar Colony, Machilipatnam - APPCB","16-09-2026 12:00:00",16.186555,81.13219,NH3,4,5,4
India,"Andhra Pradesh",Machilipatnam,"Srinivas Nagar Colony, Machilipatnam - APPCB","16-09-2026 12:00:00",16.186555,81.13219,SO2,13,21,17
India,"Andhra Pradesh",Machilipatnam,"Srinivas Nagar Colony, Machilipatnam - APPCB","16-09-2026 12:00:00",16.186555,81.13219,CO,17,36,29
India,"Andhra Pradesh",Nellore,"Ambedkar Nagar, Nellore - APPCB ","16-09-2026 12:00:00",14.438164,79.966814,NH3,6,8,7
India,"Andhra Pradesh",Nellore,"Ambedkar Nagar, Nellore - APPCB ","16-09-2026 12:00:00",14.438164,79.966814,OZONE,48,56,53
India,"Andhra Pradesh",Rajamahendravaram,"Anand Kala Kshetram, Rajamahendravaram - APPCB","16-09-2026 12:00:00",16.9872867,81.7363176,PM2.5,14,51,28
India,"Andhra Pradesh",Rajamahendravaram,"Anand Kala Kshetram, Rajamahendravaram - APPCB","16-09-2026 12:00:00",16.9872867,81.7363176,PM10,35,86,53
India,"Andhra Pradesh",Rajamahendravaram,"Anand Kala Kshetram, Rajamahendravaram - APPCB","16-09-2026 12:00:00",16.9872867,81.7363176,SO2,2,10,5
India,"Andhra Pradesh",Tirumala,"Toll Gate, Tirumala - APPCB","16-09-2026 12:00:00",13.67,79.35,SO2,1,10,6
India,"Andhra Pradesh",Tirupati,"Vaikuntapuram, Tirupati - APPCB","16-09-2026 12:00:00",13.615387,79.40923,PM2.5,NA,NA,NA
India,"Andhra Pradesh",Tirupati,"Vaikuntapuram, Tirupati - APPCB","16-09-2026 12:00:00",13.615387,79.40923,PM10,NA,NA,NA
India,"Andhra Pradesh",Tirupati,"Vaikuntapuram, Tirupati - APPCB","16-09-2026 12:00:00",13.615387,79.40923,SO2,NA,NA,NA
India,"Andhra Pradesh",Vijayawada,"HB Colony, Vijayawada - APPCB","16-09-2026 12:00:00",16.536107,80.594233,PM10,49,66,53
India,"Andhra Pradesh",Vijayawada,"HB Colony, Vijayawada - APPCB","16-09-2026 12:00:00",16.536107,80.594233,NH3,3,5,5
India,"Andhra Pradesh",Vijayawada,"HB Colony, Vijayawada - APPCB","16-09-2026 12:00:00",16.536107,80.594233,CO,33,46,42
India,"Andhra Pradesh",Vijayawada,"Rajiv Nagar, Vijayawada - APPCB","16-09-2026 12:00:00",16.554731,80.64911,PM2.5,47,68,54
India,"Andhra Pradesh",Vijayawada,"Rajiv Nagar, Vijayawada - APPCB","16-09-2026 12:00:00",16.554731,80.64911,NO2,16,27,19
India,"Andhra Pradesh",Vijayawada,"Rajiv Nagar, Vijayawada - APPCB","16-09-2026 12:00:00",16.554731,80.64911,SO2,6,13,8
India,"Andhra Pradesh",Vijayawada,"Rajiv Nagar, Vijayawada - APPCB","16-09-2026 12:00:00",16.554731,80.64911,CO,22,32,29
India,"Andhra Pradesh",Vijayawada,"Rajiv Gandhi Park, Vijayawada - APPCB","16-09-2026 12:00:00",16.509717,80.612222,PM10,52,74,63
India,"Andhra Pradesh",Vijayawada,"Rajiv Gandhi Park, Vijayawada - APPCB","16-09-2026 12:00:00",16.509717,80.612222,OZONE,15,38,26
India,"Arunachal Pradesh",Naharlagun,"Naharlagun, Naharlagun - APSPCB","16-09-2026 12:00:00",27.103358,93.679645,PM10,9,49,27
India,"Andhra Pradesh",Amaravati,"Secretariat, Amaravati - APPCB","16-09-2026 12:00:00",16.5150833,80.5181667,OZONE,4,24,12
India,"Andhra Pradesh",Anantapur,"Gulzarpet, Anantapur - APPCB","16-09-2026 12:00:00",14.675886,77.593027,PM2.5,36,64,48
India,"Andhra Pradesh",Anantapur,"Gulzarpet, Anantapur - APPCB","16-09-2026 12:00:00",14.675886,77.593027,SO2,11,16,12
India,"Andhra Pradesh",Chittoor,"Gangineni Cheruvu, Chittoor - APPCB","16-09-2026 12:00:00",13.20488,79.097889,NH3,NA,NA,NA
India,"Andhra Pradesh",Eluru,"District Court, Eluru - APPCB","16-09-2026 12:00:00",16.711754,81.092095,PM10,44,59,51
India,"Andhra Pradesh",Kadapa,"Yerramukkapalli, Kadapa - APPCB","16-09-2026 12:00:00",14.465052,78.824187,NO2,20,26,22
India,"Andhra Pradesh",Kakinada,"Rama Rao Peta, Kakinada - APPCB","16-09-2026 12:00:00",16.962488,82.229513,PM10,11,49,32
India,"Andhra Pradesh",Kurnool,"Sita Rama Nagar, Kurnool - APPCB","16-09-2026 12:00:00",15.83411,78.028546,OZONE,13,41,24
India,"Andhra Pradesh",Machilipatnam,"Srinivas Nagar Colony, Machilipatnam - APPCB","16-09-2026 12:00:00",16.186555,81.13219,NO2,36,49,41
India,Bihar,Bhagalpur,"Mayaganj, Bhagalpur - BSPCB","16-09-2026 12:00:00",25.265194,87.012947,PM10,21,37,22
India,Bihar,Bhagalpur,"Mayaganj, Bhagalpur - BSPCB","16-09-2026 12:00:00",25.265194,87.012947,NO2,19,22,21
India,Bihar,Bhagalpur,"Mayaganj, Bhagalpur - BSPCB","16-09-2026 12:00:00",25.265194,87.012947,OZONE,11,34,19
India,Bihar,Bhagalpur,"DM Office_Kachari Chowk, Bhagalpur - BSPCB","16-09-2026 12:00:00",25.251013,86.989001,CO,26,32,29
India,Bihar,"Bihar Sharif","D M Colony, Bihar Sharif - BSPCB","16-09-2026 12:00:00",25.204762,85.51496,CO,11,11,11
India,Bihar,Gaya,"Kareemganj, Gaya - BSPCB","16-09-2026 12:00:00",24.792403,84.992416,NH3,0,3,1
India,Bihar,Gaya,"Kareemganj, Gaya - BSPCB","16-09-2026 12:00:00",24.792403,84.992416,SO2,41,44,43
India,Bihar,Gaya,"Collectorate, Gaya - BSPCB","16-09-2026 12:00:00",24.7955,84.9994,SO2,7,7,7
India,Bihar,Gaya,"SFTI Kusdihra, Gaya - BSPCB","16-09-2026 12:00:00",24.762518,84.982348,PM10,40,71,55
India,Assam,Byrnihat,"Central Academy for SFS, Byrnihat - PCBA","16-09-2026 12:00:00",26.071318,91.87488,CO,38,68,58
India,Assam,Byrnihat,"Central Academy for SFS, Byrnihat - PCBA","16-09-2026 12:00:00",26.071318,91.87488,OZONE,16,33,19
India,Assam,Guwahati,"LGBI Airport, Guwahati - PCBA","16-09-2026 12:00:00",26.10887,91.589544,PM2.5,18,68,37
India,Assam,Guwahati,"LGBI Airport, Guwahati - PCBA","16-09-2026 12:00:00",26.10887,91.589544,PM10,14,55,29
India,Assam,Guwahati,"LGBI Airport, Guwahati - PCBA","16-09-2026 12:00:00",26.10887,91.589544,CO,21,34,29
India,Assam,Guwahati,"Pan Bazaar, Guwahati - PCBA","16-09-2026 12:00:00",26.1875,91.744194,PM10,0,3,1
India,Assam,Guwahati,"Pan Bazaar, Guwahati - PCBA","16-09-2026 12:00:00",26.1875,91.744194,OZONE,11,22,15
India,Assam,Guwahati,"Railway Colony, Guwahati - PCBA","16-09-2026 12:00:00",26.181742,91.78063,CO,12,14,13
India,Assam,Nagaon,"Christianpatty, Nagaon - PCBA","16-09-2026 12:00:00",26.349082,92.68449,NO2,1,1,1
India,Assam,Silchar,"Tarapur, Silchar - PCBA","16-09-2026 12:00:00",24.82827,92.79525,NH3,1,1,1
India,Assam,Sivasagar,"Girls College, Sivasagar - PCBA","16-09-2026 12:00:00",26.987634,94.636574,NH3,2,4,3
India,Bihar,Arrah,"New DM Office, Arrah - BSPCB","16-09-2026 12:00:00",25.5626095,84.663264,PM2.5,NA,NA,NA
India,Bihar,Arrah,"New DM Office, Arrah - BSPCB","16-09-2026 12:00:00",25.5626095,84.663264,NO2,4,8,7
India,Bihar,Arrah,"New DM Office, Arrah - BSPCB","16-09-2026 12:00:00",25.5626095,84.663264,NH3,1,2,2
India,Bihar,Arrah,"New DM Office, Arrah - BSPCB","16-09-2026 12:00:00",25.5626095,84.663264,OZONE,7,15,10
India,Bihar,Begusarai,"Lohiyanagar, Begusarai - BSPCB","16-09-2026 12:00:00",25.42742023,86.13886079,PM2.5,32,82,53
India,Bihar,Begusarai,"Lohiyanagar, Begusarai - BSPCB","16-09-2026 12:00:00",25.42742023,86.13886079,NH3,2,3,3
India,Bihar,Bettiah,"Kamalnath Nagar, Bettiah - BSPCB","16-09-2026 12:00:00",26.80365,84.51954,PM2.5,NA,NA,NA
India,Bihar,Hajipur,"Industrial Area, Hajipur - BSPCB","16-09-2026 12:00:00",25.697189,85.2459,PM10,48,117,72
India,Bihar,Hajipur,"Industrial Area, Hajipur - BSPCB","16-09-2026 12:00:00",25.697189,85.2459,CO,21,37,32
India,Bihar,Katihar,"Mirchaibari, Katihar - BSPCB","16-09-2026 12:00:00",25.560083,87.553265,NH3,1,1,1
India,Bihar,Katihar,"Mirchaibari, Katihar - BSPCB","16-09-2026 12:00:00",25.560083,87.553265,SO2,15,22,19
India,Bihar,Kishanganj,"SDM Office_Khagra, Kishanganj - BSPCB","16-09-2026 12:00:00",26.0881305,87.93840336,PM10,36,59,46
India,Bihar,Kishanganj,"SDM Office_Khagra, Kishanganj - BSPCB","16-09-2026 12:00:00",26.0881305,87.93840336,SO2,9,12,11
India,Bihar,Muzaffarpur,"Buddha Colony, Muzaffarpur - BSPCB","16-09-2026 12:00:00",26.11442,85.39813,SO2,3,9,5
India,Bihar,Patna,"Samanpura, Patna - BSPCB","16-09-2026 12:00:00",25.596727,85.085624,SO2,3,4,3
India,Bihar,Patna,"Muradpur, Patna - BSPCB","16-09-2026 12:00:00",25.619651,85.147382,PM10,52,93,81
India,Bihar,Patna,"Rajbansi Nagar, Patna - BSPCB","16-09-2026 12:00:00",25.599486,85.113666,PM2.5,33,51,41
India,Bihar,Motihari,"Gandak Colony, Motihari - BSPCB","16-09-2026 12:00:00",26.63086,84.90051,PM2.5,NA,NA,NA
India,Bihar,Munger,"Town Hall, Munger - BSPCB","16-09-2026 12:00:00",25.376776,86.471523,NO2,11,13,12
India,Bihar,Muzaffarpur,"MIT-Daudpur Kothi, Muzaffarpur - BSPCB","16-09-2026 12:00:00",26.1403345,85.3650192,NH3,1,1,1
India,Bihar,Muzaffarpur,"MIT-Daudpur Kothi, Muzaffarpur - BSPCB","16-09-2026 12:00:00",26.1403345,85.3650192,OZONE,14,57,30
India,Bihar,Bettiah,"Kamalnath Nagar, Bettiah - BSPCB","16-09-2026 12:00:00",26.80365,84.51954,OZONE,8,20,15
India,Chandigarh,Chandigarh,"Sector-25, Chandigarh - CPCC","16-09-2026 12:00:00",30.751462,76.762879,SO2,4,8,6
India,Chandigarh,Chandigarh,"Sector-53, Chandigarh - CPCC","16-09-2026 12:00:00",30.719859,76.738637,NH3,NA,NA,NA
India,Chandigarh,Chandigarh,"Sector 22, Chandigarh - CPCC","16-09-2026 12:00:00",30.735567,76.775714,PM2.5,20,62,41
India,Chandigarh,Chandigarh,"Sector 22, Chandigarh - CPCC","16-09-2026 12:00:00",30.735567,76.775714,SO2,3,5,4
India,Chandigarh,Chandigarh,"Sector 22, Chandigarh - CPCC","16-09-2026 12:00:00",30.735567,76.775714,CO,33,36,35
India,Chhattisgarh,Bhilai,"Hathkhoj, Bhilai - CECB","16-09-2026 12:00:00",21.224231,81.40835,PM10,21,84,55
India,Chhattisgarh,Bhilai,"Hathkhoj, Bhilai - CECB","16-09-2026 12:00:00",21.224231,81.40835,NO2,9,52,26
India,Chhattisgarh,Bhilai,"Hathkhoj, Bhilai - CECB","16-09-2026 12:00:00",21.224231,81.40835,CO,22,43,29
India,Chhattisgarh,Bhilai,"Civic Center, Bhilai - Bhilai Steel Plant","16-09-2026 12:00:00",21.185571,81.343175,NH3,1,1,1
India,Chhattisgarh,Bhilai,"Civic Center, Bhilai - Bhilai Steel Plant","16-09-2026 12:00:00",21.185571,81.343175,CO,20,21,21
India,Chhattisgarh,Bhilai,"Civic Center, Bhilai - Bhilai Steel Plant","16-09-2026 12:00:00",21.185571,81.343175,OZONE,11,12,11
India,Chhattisgarh,Bhilai,"32Bungalows, Bhilai - CECB","16-09-2026 12:00:00",21.194815,81.31477,SO2,2,28,7
India,Chhattisgarh,Chhal,"Nawapara SECL Colony, Chhal - CECB","16-09-2026 12:00:00",22.118125,83.140608,PM10,38,110,74
India,Chhattisgarh,Chhal,"Nawapara SECL Colony, Chhal - CECB","16-09-2026 12:00:00",22.118125,83.140608,CO,19,45,29
India,Chhattisgarh,Raipur,"Bhatagaon New ISBT, Raipur - CECB","16-09-2026 12:00:00",21.219665,81.630094,CO,15,22,19
India,Chhattisgarh,Raipur,"Siltara Phase-II, Raipur - CECB","16-09-2026 12:00:00",21.371751,81.664929,NO2,6,35,18
India,Chhattisgarh,Raipur,"Siltara Phase-II, Raipur - CECB","16-09-2026 12:00:00",21.371751,81.664929,NH3,2,2,2
India,Delhi,Delhi,"Wazirpur, Delhi - DPCC","16-09-2026 12:00:00",28.699793,77.165453,CO,22,47,34
India,Delhi,Delhi,"Narela, Delhi - DPCC","16-09-2026 12:00:00",28.822836,77.101981,CO,43,52,48
India,Delhi,Delhi,"IHBAS, Dilshad Garden, Delhi - CPCB","16-09-2026 12:00:00",28.6811736,77.3025234,SO2,7,19,14
India,Delhi,Delhi,"Sri Aurobindo Marg, Delhi - DPCC","16-09-2026 12:00:00",28.531346,77.190156,CO,38,48,43
India,Delhi,Delhi,"Nehru Nagar, Delhi - DPCC","16-09-2026 12:00:00",28.56789,77.250515,NH3,4,7,5
India,Delhi,Delhi,"Nehru Nagar, Delhi - DPCC","16-09-2026 12:00:00",28.56789,77.250515,SO2,4,108,11
India,Delhi,Delhi,"Patparganj, Delhi - DPCC","16-09-2026 12:00:00",28.623763,77.287209,PM10,48,129,87
India,Bihar,Purnia,"Mariam Nagar, Purnia - BSPCB","16-09-2026 12:00:00",25.366336,87.117468,PM2.5,NA,NA,NA
India,Bihar,Purnia,"Mariam Nagar, Purnia - BSPCB","16-09-2026 12:00:00",25.366336,87.117468,PM10,NA,NA,NA
India,Bihar,Purnia,"Mariam Nagar, Purnia - BSPCB","16-09-2026 12:00:00",25.366336,87.117468,NO2,17,19,18
India,Bihar,Purnia,"Mariam Nagar, Purnia - BSPCB","16-09-2026 12:00:00",25.366336,87.117468,CO,55,56,55
India,Bihar,Purnia,"Mariam Nagar, Purnia - BSPCB","16-09-2026 12:00:00",25.366336,87.117468,OZONE,2,27,20
India,Bihar,Rajgir,"Dangi Tola, Rajgir - BSPCB","16-09-2026 12:00:00",25.0328,85.41948,PM2.5,22,83,32
India,Chhattisgarh,Kunjemura,"OP Jindal School, Kunjemura - CECB","16-09-2026 12:00:00",22.12665,83.483212,PM2.5,17,40,27
India,Chhattisgarh,Milupara,"Govt. Higher Secondary School, Milupara - CECB","16-09-2026 12:00:00",22.1910172,83.5197009,PM2.5,NA,NA,NA
India,Chhattisgarh,Milupara,"Govt. Higher Secondary School, Milupara - CECB","16-09-2026 12:00:00",22.1910172,83.5197009,NO2,NA,NA,NA
India,Chhattisgarh,Milupara,"Govt. Higher Secondary School, Milupara - CECB","16-09-2026 12:00:00",22.1910172,83.5197009,OZONE,4,5,5
India,Bihar,Rajgir,"Dangi Tola, Rajgir - BSPCB","16-09-2026 12:00:00",25.0328,85.41948,OZONE,6,36,14
India,Bihar,Samastipur,"DM Office_Kasipur, Samastipur - BSPCB","16-09-2026 12:00:00",25.859655,85.77944,OZONE,15,15,15
India,Bihar,Sasaram,"Dada Peer, Sasaram - BSPCB","16-09-2026 12:00:00",24.952822,84.002396,NO2,NA,NA,NA
India,Delhi,Delhi,"Major Dhyan Chand National Stadium, Delhi - DPCC","16-09-2026 12:00:00",28.611281,77.237738,OZONE,3,31,11
India,Delhi,Delhi,"Bawana, Delhi - DPCC","16-09-2026 12:00:00",28.7762,77.051074,NH3,7,9,8
India,Chhattisgarh,Korba,"Urja Nagar, Korba - CECB","16-09-2026 12:00:00",22.348441,82.549611,SO2,3,17,10
India,Delhi,Delhi,"Rohini, Delhi - DPCC","16-09-2026 12:00:00",28.732528,77.11992,SO2,8,12,10
India,Delhi,Delhi,"Najafgarh, Delhi - DPCC","16-09-2026 12:00:00",28.570173,76.933762,OZONE,11,11,11
India,Delhi,Delhi,"Mundka, Delhi - DPCC","16-09-2026 12:00:00",28.684678,77.076574,SO2,0,22,10
India,Delhi,Delhi,"NSUT Jaffarpur, Delhi - DPCC","16-09-2026 12:00:00",28.594004,76.909423,PM2.5,47,195,81
India,Delhi,Delhi,"NSUT Jaffarpur, Delhi - DPCC","16-09-2026 12:00:00",28.594004,76.909423,NH3,NA,NA,NA
India,Delhi,Delhi,"NSUT Jaffarpur, Delhi - DPCC","16-09-2026 12:00:00",28.594004,76.909423,SO2,1,2,1
India,Delhi,Delhi,"Ashok Vihar, Delhi - DPCC","16-09-2026 12:00:00",28.695381,77.181665,PM10,30,123,78
India,Delhi,Delhi,"Anand Vihar, Delhi - DPCC","16-09-2026 12:00:00",28.647622,77.315809,PM10,NA,NA,NA
India,Delhi,Delhi,"Punjabi Bagh, Delhi - DPCC","16-09-2026 12:00:00",28.674045,77.131023,PM10,56,168,108
India,Delhi,Delhi,"DTU, Delhi - CPCB","16-09-2026 12:00:00",28.7500499,77.1112615,PM10,52,172,108
India,Delhi,Delhi,"DTU, Delhi - CPCB","16-09-2026 12:00:00",28.7500499,77.1112615,CO,18,23,21
India,Delhi,Delhi,"Dwarka-Sector 8, Delhi - DPCC ","16-09-2026 12:00:00",28.5710274,77.0719006,PM2.5,20,87,41
India,Delhi,Delhi,"Dr. Karni Singh Shooting Range, Delhi - DPCC","16-09-2026 12:00:00",28.498571,77.26484,NO2,3,43,17
India,Delhi,Delhi,"Dr. Karni Singh Shooting Range, Delhi - DPCC","16-09-2026 12:00:00",28.498571,77.26484,OZONE,5,31,15
India,Delhi,Delhi,"Shadipur, Delhi - CPCB","16-09-2026 12:00:00",28.6514781,77.1473105,NO2,55,77,67
India,Delhi,Delhi,"Shadipur, Delhi - CPCB","16-09-2026 12:00:00",28.6514781,77.1473105,SO2,2,16,9
India,Delhi,Delhi,"Mandir Marg, Delhi - DPCC","16-09-2026 12:00:00",28.636429,77.201067,SO2,44,48,46
India,Delhi,Delhi,"Mandir Marg, Delhi - DPCC","16-09-2026 12:00:00",28.636429,77.201067,CO,73,86,79
India,Delhi,Delhi,"Pusa, Delhi - DPCC","16-09-2026 12:00:00",28.639652,77.146275,PM2.5,10,87,52
India,Delhi,Delhi,"Pusa, Delhi - DPCC","16-09-2026 12:00:00",28.639652,77.146275,PM10,23,193,93
India,Delhi,Delhi,"Pusa, Delhi - DPCC","16-09-2026 12:00:00",28.639652,77.146275,SO2,7,24,14
India,Delhi,Delhi,"Pusa, Delhi - IITM","16-09-2026 12:00:00",28.63611,77.173332,PM2.5,28,181,82
India,Delhi,Delhi,"IIT Delhi, Delhi - IITM","16-09-2026 12:00:00",28.54246,77.191651,PM10,68,189,122
India,Delhi,Delhi,"IIT Delhi, Delhi - IITM","16-09-2026 12:00:00",28.54246,77.191651,SO2,NA,NA,NA
India,"Andhra Pradesh",Anantapur,"Gulzarpet, Anantapur - APPCB","16-09-2026 12:00:00",14.675886,77.593027,CO,20,30,25
India,"Andhra Pradesh",Chittoor,"Gangineni Cheruvu, Chittoor - APPCB","16-09-2026 12:00:00",13.20488,79.097889,PM2.5,NA,NA,NA
India,"Andhra Pradesh",Chittoor,"Gangineni Cheruvu, Chittoor - APPCB","16-09-2026 12:00:00",13.20488,79.097889,CO,16,22,18
India,"Andhra Pradesh",Chittoor,"Gangineni Cheruvu, Chittoor - APPCB","16-09-2026 12:00:00",13.20488,79.097889,OZONE,44,48,46
India,"Andhra Pradesh",Guntur,"Rajendra Nagar North, Guntur - APPCB","16-09-2026 12:00:00",16.316553,80.413302,PM10,39,117,55
India,"Andhra Pradesh",Kadapa,"Yerramukkapalli, Kadapa - APPCB","16-09-2026 12:00:00",14.465052,78.824187,PM2.5,57,72,61
India,"Andhra Pradesh",Kadapa,"Yerramukkapalli, Kadapa - APPCB","16-09-2026 12:00:00",14.465052,78.824187,SO2,8,16,10
India,"Andhra Pradesh",Kadapa,"Yerramukkapalli, Kadapa - APPCB","16-09-2026 12:00:00",14.465052,78.824187,CO,20,22,21
India,"Andhra Pradesh",Kakinada,"Rama Rao Peta, Kakinada - APPCB","16-09-2026 12:00:00",16.962488,82.229513,NH3,2,6,4
India,"Andhra Pradesh",Kurnool,"Sita Rama Nagar, Kurnool - APPCB","16-09-2026 12:00:00",15.83411,78.028546,NO2,23,44,30
India,"Andhra Pradesh",Kurnool,"Sita Rama Nagar, Kurnool - APPCB","16-09-2026 12:00:00",15.83411,78.028546,CO,9,13,11
India,"Andhra Pradesh",Nellore,"Ambedkar Nagar, Nellore - APPCB ","16-09-2026 12:00:00",14.438164,79.966814,CO,36,37,37
India,"Andhra Pradesh",Rajamahendravaram,"Anand Kala Kshetram, Rajamahendravaram - APPCB","16-09-2026 12:00:00",16.9872867,81.7363176,OZONE,5,38,16
India,"Andhra Pradesh",Tirumala,"Toll Gate, Tirumala - APPCB","16-09-2026 12:00:00",13.67,79.35,NO2,46,84,67
India,"Andhra Pradesh",Tirupati,"Vaikuntapuram, Tirupati - APPCB","16-09-2026 12:00:00",13.615387,79.40923,OZONE,33,38,35
India,"Andhra Pradesh",Vijayawada,"HB Colony, Vijayawada - APPCB","16-09-2026 12:00:00",16.536107,80.594233,PM2.5,45,65,50
India,"Andhra Pradesh",Vijayawada,"HB Colony, Vijayawada - APPCB","16-09-2026 12:00:00",16.536107,80.594233,SO2,10,17,12
India,"Andhra Pradesh",Vijayawada,"Rajiv Nagar, Vijayawada - APPCB","16-09-2026 12:00:00",16.554731,80.64911,OZONE,17,23,21
India,"Andhra Pradesh",Vijayawada,"Rajiv Gandhi Park, Vijayawada - APPCB","16-09-2026 12:00:00",16.509717,80.612222,PM2.5,48,68,58
India,"Andhra Pradesh",Visakhapatnam,"GVM Corporation, Visakhapatnam - APPCB","16-09-2026 12:00:00",17.72,83.3,PM2.5,26,138,59
India,Bihar,Muzaffarpur,"Buddha Colony, Muzaffarpur - BSPCB","16-09-2026 12:00:00",26.11442,85.39813,CO,15,22,19
India,Bihar,Muzaffarpur,"Buddha Colony, Muzaffarpur - BSPCB","16-09-2026 12:00:00",26.11442,85.39813,OZONE,3,32,14
India,Bihar,Patna,"Samanpura, Patna - BSPCB","16-09-2026 12:00:00",25.596727,85.085624,PM10,69,143,97
India,Bihar,Patna,"DRM Office Danapur, Patna - BSPCB","16-09-2026 12:00:00",25.586562,85.043586,PM2.5,27,70,47
India,Bihar,Patna,"DRM Office Danapur, Patna - BSPCB","16-09-2026 12:00:00",25.586562,85.043586,PM10,31,57,39
India,Bihar,Patna,"DRM Office Danapur, Patna - BSPCB","16-09-2026 12:00:00",25.586562,85.043586,NH3,8,9,9
India,Bihar,Patna,"DRM Office Danapur, Patna - BSPCB","16-09-2026 12:00:00",25.586562,85.043586,OZONE,16,35,26
India,Bihar,Patna,"IGSC Planetarium Complex, Patna - BSPCB","16-09-2026 12:00:00",25.610369,85.132568,PM10,NA,NA,NA
India,Bihar,Patna,"IGSC Planetarium Complex, Patna - BSPCB","16-09-2026 12:00:00",25.610369,85.132568,NO2,4,7,6
India,Bihar,Patna,"IGSC Planetarium Complex, Patna - BSPCB","16-09-2026 12:00:00",25.610369,85.132568,CO,12,17,15
India,Bihar,Patna,"Rajbansi Nagar, Patna - BSPCB","16-09-2026 12:00:00",25.599486,85.113666,OZONE,26,28,27
India,Assam,Byrnihat,"Central Academy for SFS, Byrnihat - PCBA","16-09-2026 12:00:00",26.071318,91.87488,SO2,7,32,29
India,Assam,Guwahati,"LGBI Airport, Guwahati - PCBA","16-09-2026 12:00:00",26.10887,91.589544,OZONE,11,13,12
India,Assam,Guwahati,"Railway Colony, Guwahati - PCBA","16-09-2026 12:00:00",26.181742,91.78063,PM2.5,5,60,47
India,Assam,Guwahati,"Railway Colony, Guwahati - PCBA","16-09-2026 12:00:00",26.181742,91.78063,NO2,3,3,3
India,Assam,Guwahati,"IITG, Guwahati - PCBA","16-09-2026 12:00:00",26.2028636,91.70046436,PM10,5,33,16
India,Assam,Guwahati,"IITG, Guwahati - PCBA","16-09-2026 12:00:00",26.2028636,91.70046436,NH3,1,1,1
India,Assam,Guwahati,"IITG, Guwahati - PCBA","16-09-2026 12:00:00",26.2028636,91.70046436,SO2,32,33,33
India,Assam,Nagaon,"Christianpatty, Nagaon - PCBA","16-09-2026 12:00:00",26.349082,92.68449,NH3,4,4,4
India,Assam,Nagaon,"Christianpatty, Nagaon - PCBA","16-09-2026 12:00:00",26.349082,92.68449,OZONE,7,11,9
India,Assam,Nalbari,"Bata Chowk, Nalbari - PCBA","16-09-2026 12:00:00",26.446912,91.439057,PM10,16,80,40
India,Bihar,Gaya,"SFTI Kusdihra, Gaya - BSPCB","16-09-2026 12:00:00",24.762518,84.982348,CO,23,36,31
India,Bihar,Hajipur,"Industrial Area, Hajipur - BSPCB","16-09-2026 12:00:00",25.697189,85.2459,PM2.5,47,228,89
India,Bihar,Hajipur,"Industrial Area, Hajipur - BSPCB","16-09-2026 12:00:00",25.697189,85.2459,NO2,7,23,15
India,Bihar,Hajipur,"Industrial Area, Hajipur - BSPCB","16-09-2026 12:00:00",25.697189,85.2459,NH3,12,16,15
India,Bihar,Katihar,"Mirchaibari, Katihar - BSPCB","16-09-2026 12:00:00",25.560083,87.553265,CO,61,83,72
India,Bihar,Katihar,"Mirchaibari, Katihar - BSPCB","16-09-2026 12:00:00",25.560083,87.553265,OZONE,19,42,28
India,Bihar,Kishanganj,"SDM Office_Khagra, Kishanganj - BSPCB","16-09-2026 12:00:00",26.0881305,87.93840336,CO,38,42,40
India,Bihar,Bhagalpur,"DM Office_Kachari Chowk, Bhagalpur - BSPCB","16-09-2026 12:00:00",25.251013,86.989001,PM2.5,17,82,34
India,Bihar,Bhagalpur,"DM Office_Kachari Chowk, Bhagalpur - BSPCB","16-09-2026 12:00:00",25.251013,86.989001,PM10,29,277,59
India,Bihar,Bhagalpur,"DM Office_Kachari Chowk, Bhagalpur - BSPCB","16-09-2026 12:00:00",25.251013,86.989001,SO2,15,27,22
India,Bihar,"Bihar Sharif","D M Colony, Bihar Sharif - BSPCB","16-09-2026 12:00:00",25.204762,85.51496,OZONE,1,2,2
India,Bihar,Gaya,"Kareemganj, Gaya - BSPCB","16-09-2026 12:00:00",24.792403,84.992416,NO2,1,10,4
India,Bihar,Gaya,"Kareemganj, Gaya - BSPCB","16-09-2026 12:00:00",24.792403,84.992416,OZONE,28,51,36
India,Assam,Silchar,"Tarapur, Silchar - PCBA","16-09-2026 12:00:00",24.82827,92.79525,SO2,4,6,5
India,Assam,Silchar,"Tarapur, Silchar - PCBA","16-09-2026 12:00:00",24.82827,92.79525,OZONE,5,6,5
India,Assam,Sivasagar,"Girls College, Sivasagar - PCBA","16-09-2026 12:00:00",26.987634,94.636574,NO2,9,15,12
India,Bihar,Araria,"Kharahiya Basti, Araria - BSPCB","16-09-2026 12:00:00",26.146529,87.454184,PM10,41,164,68
India,Bihar,Motihari,"Gandak Colony, Motihari - BSPCB","16-09-2026 12:00:00",26.63086,84.90051,PM10,NA,NA,NA
India,Bihar,Motihari,"Gandak Colony, Motihari - BSPCB","16-09-2026 12:00:00",26.63086,84.90051,NO2,2,3,3
India,Bihar,Munger,"Town Hall, Munger - BSPCB","16-09-2026 12:00:00",25.376776,86.471523,NH3,2,3,3
India,Bihar,Muzaffarpur,"MIT-Daudpur Kothi, Muzaffarpur - BSPCB","16-09-2026 12:00:00",26.1403345,85.3650192,CO,5,22,12
India,"Andhra Pradesh",Amaravati,"Secretariat, Amaravati - APPCB","16-09-2026 12:00:00",16.5150833,80.5181667,PM2.5,17,53,30
India,Bihar,Bettiah,"Kamalnath Nagar, Bettiah - BSPCB","16-09-2026 12:00:00",26.80365,84.51954,NH3,NA,NA,NA
India,Chandigarh,Chandigarh,"Sector-25, Chandigarh - CPCC","16-09-2026 12:00:00",30.751462,76.762879,NH3,7,12,9
India,Chandigarh,Chandigarh,"Sector 22, Chandigarh - CPCC","16-09-2026 12:00:00",30.735567,76.775714,NH3,14,30,24
India,Chhattisgarh,Bhilai,"Civic Center, Bhilai - Bhilai Steel Plant","16-09-2026 12:00:00",21.185571,81.343175,NO2,15,16,16
India,Chhattisgarh,Bhilai,"Civic Center, Bhilai - Bhilai Steel Plant","16-09-2026 12:00:00",21.185571,81.343175,SO2,8,12,10
India,Chhattisgarh,Bhilai,"32Bungalows, Bhilai - CECB","16-09-2026 12:00:00",21.194815,81.31477,NO2,4,21,9
India,Chhattisgarh,Bhilai,"32Bungalows, Bhilai - CECB","16-09-2026 12:00:00",21.194815,81.31477,NH3,4,4,4
India,Chhattisgarh,Bilaspur,"Mangala, Bilaspur - NTPC","16-09-2026 12:00:00",22.08815,82.13737,CO,14,27,22
India,Chhattisgarh,Chhal,"Nawapara SECL Colony, Chhal - CECB","16-09-2026 12:00:00",22.118125,83.140608,PM2.5,NA,NA,NA
India,Delhi,Delhi,"Vivek Vihar, Delhi - DPCC","16-09-2026 12:00:00",28.672342,77.31526,CO,56,77,67
India,Delhi,Delhi,"IHBAS, Dilshad Garden, Delhi - CPCB","16-09-2026 12:00:00",28.6811736,77.3025234,PM10,42,75,60
India,Delhi,Delhi,"IHBAS, Dilshad Garden, Delhi - CPCB","16-09-2026 12:00:00",28.6811736,77.3025234,NO2,49,51,51
India,Delhi,Delhi,"Nehru Nagar, Delhi - DPCC","16-09-2026 12:00:00",28.56789,77.250515,PM10,56,285,121
India,Delhi,Delhi,"Nehru Nagar, Delhi - DPCC","16-09-2026 12:00:00",28.56789,77.250515,OZONE,9,46,19
India,Delhi,Delhi,"Patparganj, Delhi - DPCC","16-09-2026 12:00:00",28.623763,77.287209,NH3,7,8,7
India,Delhi,Delhi,"Patparganj, Delhi - DPCC","16-09-2026 12:00:00",28.623763,77.287209,CO,42,51,47
India,Delhi,Delhi,"Jawaharlal Nehru Stadium, Delhi - DPCC","16-09-2026 12:00:00",28.58028,77.233829,PM2.5,27,85,60
India,Bihar,Saharsa,"Police Line, Saharsa - BSPCB","16-09-2026 12:00:00",25.892357,86.590325,PM2.5,33,41,35
India,Bihar,Saharsa,"Police Line, Saharsa - BSPCB","16-09-2026 12:00:00",25.892357,86.590325,NO2,7,7,7
India,Bihar,Saharsa,"Police Line, Saharsa - BSPCB","16-09-2026 12:00:00",25.892357,86.590325,SO2,16,20,18
India,Bihar,Saharsa,"Police Line, Saharsa - BSPCB","16-09-2026 12:00:00",25.892357,86.590325,OZONE,9,14,12
India,Bihar,Samastipur,"DM Office_Kasipur, Samastipur - BSPCB","16-09-2026 12:00:00",25.859655,85.77944,PM2.5,NA,NA,NA
India,Bihar,Samastipur,"DM Office_Kasipur, Samastipur - BSPCB","16-09-2026 12:00:00",25.859655,85.77944,PM10,NA,NA,NA
India,Bihar,Samastipur,"DM Office_Kasipur, Samastipur - BSPCB","16-09-2026 12:00:00",25.859655,85.77944,SO2,NA,NA,NA
India,Bihar,Sasaram,"Dada Peer, Sasaram - BSPCB","16-09-2026 12:00:00",24.952822,84.002396,NH3,NA,NA,NA
India,Bihar,Sasaram,"Dada Peer, Sasaram - BSPCB","16-09-2026 12:00:00",24.952822,84.002396,SO2,4,10,7
India,Delhi,Delhi,"Cantonment Area, Delhi - DPCC","16-09-2026 12:00:00",28.594169,77.1251,OZONE,4,10,7
India,Delhi,Delhi,"Major Dhyan Chand National Stadium, Delhi - DPCC","16-09-2026 12:00:00",28.611281,77.237738,NO2,13,85,40
India,Delhi,Delhi,"Sonia Vihar, Delhi - DPCC","16-09-2026 12:00:00",28.710508,77.249485,NO2,14,57,30
India,Delhi,Delhi,"Sonia Vihar, Delhi - DPCC","16-09-2026 12:00:00",28.710508,77.249485,NH3,12,18,15
India,Delhi,Delhi,"Sonia Vihar, Delhi - DPCC","16-09-2026 12:00:00",28.710508,77.249485,SO2,6,20,12
India,Delhi,Delhi,"Sonia Vihar, Delhi - DPCC","16-09-2026 12:00:00",28.710508,77.249485,OZONE,6,27,12
India,Delhi,Delhi,"Bawana, Delhi - DPCC","16-09-2026 12:00:00",28.7762,77.051074,SO2,13,14,13
India,Delhi,Delhi,"Bawana, Delhi - DPCC","16-09-2026 12:00:00",28.7762,77.051074,CO,28,39,35
India,Chhattisgarh,Kunjemura,"OP Jindal School, Kunjemura - CECB","16-09-2026 12:00:00",22.12665,83.483212,PM10,43,155,76
India,Chhattisgarh,Kunjemura,"OP Jindal School, Kunjemura - CECB","16-09-2026 12:00:00",22.12665,83.483212,OZONE,3,5,4
India,Chhattisgarh,Milupara,"Govt. Higher Secondary School, Milupara - CECB","16-09-2026 12:00:00",22.1910172,83.5197009,SO2,NA,NA,NA
India,Chhattisgarh,Raipur,"Krishak Nagar, Raipur - CECB","16-09-2026 12:00:00",21.237755,81.705301,PM2.5,9,55,35
India,Chhattisgarh,Raipur,"Krishak Nagar, Raipur - CECB","16-09-2026 12:00:00",21.237755,81.705301,SO2,3,13,10
India,Chhattisgarh,Raipur,"Krishak Nagar, Raipur - CECB","16-09-2026 12:00:00",21.237755,81.705301,OZONE,1,28,10
India,Delhi,Delhi,"Wazirpur, Delhi - DPCC","16-09-2026 12:00:00",28.699793,77.165453,PM2.5,27,260,100
India,Delhi,Delhi,"Narela, Delhi - DPCC","16-09-2026 12:00:00",28.822836,77.101981,NH3,2,3,2
India,Delhi,Delhi,"Narela, Delhi - DPCC","16-09-2026 12:00:00",28.822836,77.101981,SO2,5,13,9
India,Delhi,Delhi,"Okhla Phase-2, Delhi - DPCC","16-09-2026 12:00:00",28.530785,77.271255,SO2,4,10,6
India,Delhi,Delhi,"Okhla Phase-2, Delhi - DPCC","16-09-2026 12:00:00",28.530785,77.271255,CO,61,76,67
India,Delhi,Delhi,"Okhla Phase-2, Delhi - DPCC","16-09-2026 12:00:00",28.530785,77.271255,OZONE,4,25,10
India,Delhi,Delhi,"Rohini, Delhi - DPCC","16-09-2026 12:00:00",28.732528,77.11992,NO2,2,11,6
India,Chhattisgarh,Korba,"Urja Nagar, Korba - CECB","16-09-2026 12:00:00",22.348441,82.549611,CO,19,28,24
India,Chhattisgarh,Korba,"Rampur, Korba - CECB","16-09-2026 12:00:00",22.368195,82.746431,PM10,18,50,32
India,Chhattisgarh,Korba,"Rampur, Korba - CECB","16-09-2026 12:00:00",22.368195,82.746431,NO2,10,35,17
India,Chhattisgarh,Korba,"Rampur, Korba - CECB","16-09-2026 12:00:00",22.368195,82.746431,CO,8,31,16
India,Bihar,Rajgir,"Dangi Tola, Rajgir - BSPCB","16-09-2026 12:00:00",25.0328,85.41948,PM10,18,64,25
India,Delhi,Delhi,"Najafgarh, Delhi - DPCC","16-09-2026 12:00:00",28.570173,76.933762,NO2,11,37,21
India,Delhi,Delhi,"Najafgarh, Delhi - DPCC","16-09-2026 12:00:00",28.570173,76.933762,SO2,19,26,21
India,Delhi,Delhi,"Mundka, Delhi - DPCC","16-09-2026 12:00:00",28.684678,77.076574,PM2.5,13,133,68
India,Delhi,Delhi,"NSUT Jaffarpur, Delhi - DPCC","16-09-2026 12:00:00",28.594004,76.909423,NO2,9,42,22
India,Delhi,Delhi,"NSUT Jaffarpur, Delhi - DPCC","16-09-2026 12:00:00",28.594004,76.909423,CO,28,43,38
India,Delhi,Delhi,"Ashok Vihar, Delhi - DPCC","16-09-2026 12:00:00",28.695381,77.181665,SO2,37,40,39
India,Delhi,Delhi,"Ashok Vihar, Delhi - DPCC","16-09-2026 12:00:00",28.695381,77.181665,OZONE,5,11,10
India,Delhi,Delhi,"Dwarka-Sector 8, Delhi - DPCC ","16-09-2026 12:00:00",28.5710274,77.0719006,NH3,3,7,5
India,Delhi,Delhi,"Shadipur, Delhi - CPCB","16-09-2026 12:00:00",28.6514781,77.1473105,PM10,39,133,77
India,Delhi,Delhi,"Shadipur, Delhi - CPCB","16-09-2026 12:00:00",28.6514781,77.1473105,CO,41,55,47
India,Delhi,Delhi,"Shadipur, Delhi - CPCB","16-09-2026 12:00:00",28.6514781,77.1473105,OZONE,12,14,13
India,Delhi,Delhi,"Mandir Marg, Delhi - DPCC","16-09-2026 12:00:00",28.636429,77.201067,NH3,5,56,13
India,Delhi,Delhi,"Mandir Marg, Delhi - DPCC","16-09-2026 12:00:00",28.636429,77.201067,OZONE,1,32,10
India,Delhi,Delhi,"Pusa, Delhi - DPCC","16-09-2026 12:00:00",28.639652,77.146275,OZONE,9,11,10
India,Delhi,Delhi,"Sirifort, Delhi - CPCB","16-09-2026 12:00:00",28.5504249,77.2159377,NO2,31,36,33
India,Delhi,Delhi,"Chandni Chowk, Delhi - IITM","16-09-2026 12:00:00",28.656756,77.227234,NO2,25,91,49
India,Delhi,Delhi,"Pusa, Delhi - IITM","16-09-2026 12:00:00",28.63611,77.173332,SO2,NA,NA,NA
India,Delhi,Delhi,"IIT Delhi, Delhi - IITM","16-09-2026 12:00:00",28.54246,77.191651,PM2.5,29,92,58
India,Delhi,Delhi,"IGNOU_Maidan Garhi, Delhi - DPCC","16-09-2026 12:00:00",28.493624,77.201159,PM2.5,14,28,21
